1,json
2,剩愿韦
3,翌浙练
4,诧怖煮
5,讣纽苏
6,腰丸韭
7,啦亦卢
8,就茅樟
9,君臂籍
10,仟四林
11,却听坦
12,痈趴带
13,拌墙桥
14,虏龋发
15,始刽敷
16,趴辑矛
17,恼泛乐
18,嗅缅寐
19,藏吭源
20,梯蛊辟
21,奉棚色
22,浮芋毕
23,织罩群
24,失核谢
25,檄株罚
26,肃喊熊
27,妖蔡嘛
28,除吼挂
29,牙助猛
30,衰斗曲
31,踌犊就
32,责紊鞍
33,吏差撑
34,至拜毯
35,褪驹债
36,肚百努
37,垄愁绘
38,权明授
39,剃钮提
40,商益坞
41,灿狈见
42,孰谓锡
43,腥霓戈
44,阑拣镣
45,撅孵渴
46,掺棋廓
47,嘱遍冒
48,钟局抡
49,篓苦逼
50,激迷侩
51,侗巡腹
52,嫂拨珍
53,奴澜摩
54,抢剖斑
55,瀑佳瑟
56,棘糯蚁
57,龄蹲础
58,咯春舶
59,涝泊拉
60,逢哺闲
61,索湾禾
62,刊籍浙
63,穿泞挞
64,簇羌楼
65,硷是樱
66,景缸馆
67,沂擅招
68,张章儒
69,利潮商
70,酪障阎
71,噪闪桶
72,蛰崖牧
73,盅挚设
74,兵桔搀
75,吸巴靴
76,凰氏碧
77,衬顿蛮
78,醛副尘
79,侍炉饯
80,洋锰羞
81,盐朵社
82,嚼殉馋
83,迂战食
84,兜坤夺
85,诱免酝
86,烧庚簇
87,靴党稿
88,践蕊炊
89,窘稳劝
90,赴帛却
91,讯悸学
92,憨昏苞
93,厢词创
94,凌蝴魏
95,缠处度
96,舟癸久
97,寥琶髓
98,谬别笛
99,疗陷与
100,氓讫票
101,伪哪淡
102,赊纽龙
103,枷怪彝
104,残浮羚
105,瓣健账
106,阔嫡末
107,旦雪漏
108,嗽鞍抒
109,剪皮佩
110,必生豪
111,柱动铰
112,娇秒挫
113,文宜踩
114,排磁铅
115,王瘫起
116,趁峙悠
117,才哺讫
118,腥贪袄
119,狄炎员
120,制翻酷
121,靖喉怂
122,谓去钢
123,秋面钠
124,蓄覆铀
125,养眯痔
126,兔盼焰
127,羚十氏
128,家乡鸳
129,衰涌奉
130,饲垢芒
131,额治坊
132,恭刑尝
133,颧卵绩
134,位俯信
135,侈纳屁
136,炸惰孩
137,顷伙轮
138,旁乏劲
139,寥稳雇
140,澄乎闺
141,琐恼狄
142,侵迈渣
143,劳乃狈
144,刘森剂
145,挎枕洁
146,厅哥闺
147,蹈爸刁
148,肇蝴湾
149,色间泛
150,爱尘识
151,零刘畦
152,颇存蠕
153,寺题履
154,汉舵笨
155,公帮侵
156,枢辅旧
157,荒阴桨
158,沏誓香
159,杠循莆
160,鼠啼线
161,模柴蒂
162,断范匝
163,歇骆底
164,及卵篡
165,恳扮红
166,诲牢壹
167,彼叫举
168,穴献妙
169,戒众我
170,歹绑龄
171,缠什肝
172,淬丘没
173,沪他秆
174,触丛舍
175,可武佃
176,芯喳草
177,索涅树
178,醛房肃
179,候估悼
180,聋崇箱
181,芹隘蜗
182,雀顽抄
183,曹爆酞
184,檄塞傻
185,矽碱怒
186,确氢诸
187,巾闺兰
188,藉魂斋
189,曼珐痕
190,京府列
191,校殊蛛
192,南讣碗
193,亲局妇
194,肇亡锹
195,浦卯疟
196,酋秧墅
197,岔勾夯
198,吩淬裕
199,铡怯裹
200,堂贯崩
201,旭员晚
202,普皆区
203,什掂唤
204,凭揽长
205,痕嚎季
206,蜗息找
207,贴颁碉
208,吓怪隆
209,帜洋亨
210,掷泣短
211,谢田佯
212,蛋倍第
213,狂藩越
214,敖冻邑
215,儡丛豢
216,郴划已
217,啥噶脐
218,恫僻尝
219,鹃攀牧
220,兽抡芹
221,侥鹃谱
222,皿肌控
223,鼠英亩
224,阴荐涅
225,档亨瓶
226,亢涩赋
227,临销邓
228,腕引扰
229,宣繁前
230,创瓶侣
231,郡垦煮
232,舰粪跋
233,悼负嗜
234,据挠膳
235,菠双蓉
236,淤三误
237,揖艾太
238,玖泥咖
239,聊翔樊
240,距慧檬
241,幕愉可
242,梯狙荫
243,英潘乌
244,瞒换返
245,痰歌判
246,谤兜栖
247,侧齿超
248,踩沮侥
249,扦卤鸿
250,茅茵甜
251,维恶三
252,声谎迁
253,辕见蕊
254,垮佩丰
255,鹅麦狄
256,今祷诽
257,碟磨隅
258,职失氧
259,磐尉蔗
260,唉端绅
261,整焰炕
262,鳃昂煽
263,湍撇木
264,趾搬惰
265,绪撮蜒
266,蹲邵坪
267,惧世偶
268,牵取册
269,绢聊沥
270,也悉临
271,潜卯耐
272,婿雌锨
273,忿末裙
274,补和喊
275,御镑承
276,徘缮饺
277,嘛唉嗓
278,亨沉熄
279,旭锰诺
280,深猫苇
281,洒梨待
282,梆渐推
283,胀鞭挠
284,孩记失
285,你辫砧
286,讯饶跟
287,呈跃少
288,咖披夹
289,峙拭拐
290,茫矮吉
291,鸭脆俘
292,茅尘进
293,尾雹反
294,密市薄
295,祟态袒
296,澜巴皋
297,吐娱盏
298,痛笋贩
299,厅缝吕
300,腿舰识
301,缎磋涵
302,劫事遥
303,泵院度
304,蛹鄙京
305,侦跑锅
306,鼠结潍
307,才细完
308,剖胸例
309,怂桥宣
310,刃残赋
311,甸喂玖
312,邯贪恫
313,契冠惟
314,寝被脚
315,仓简井
316,戍桂阑
317,稍抖炔
318,侯砸憾
319,内琵煽
320,伞卞瞒
321,膝央江
322,寓釜詹
323,捷绰虚
324,愤蒙从
325,抢齐协
326,冰诧效
327,奢甭贡
328,狭臃桓
329,氦痛首
330,绞杉癸
331,含浩迸
332,嫁铱头
333,寅循曙
334,守铡骂
335,挝掠徐
336,卫奥掠
337,糖鳞剑
338,枕澎攘
339,痢卉宙
340,嘎尝惦
341,牙抽鸵
342,敖榆尸
343,眼任倘
344,赊铰恶
345,喷傻咯
346,锄釉启
347,脱阎储
348,郁彩省
349,肖鸟凡
350,跳靳吸
351,踩绦蕉
352,牟谦胃
353,鄂仙滁
354,蛛迟期
355,梢异堡
356,闸汗鸭
357,焕捣泣
358,祥胰攀
359,荐帚米
360,猫氓翱
361,烈烛钵
362,禄烯窒
363,矢嗽鹰
364,尖麓匹
365,柠贮斯
366,陨掘舅
367,芽绣绽
368,忧院股
369,表尝慧
370,研察看
371,星早拢
372,永瓶退
373,凌毫返
374,绍酵炽
375,疮规谭
376,溅殃夫
377,叫占械
378,蛛篷墨
379,颠搐尝
380,陪咐鹊
381,品枯赌
382,范滦酵
383,募玩吊
384,搅稳汾
385,劫辫图
386,谚幽圃
387,劲躺涪
388,颓叭蜀
389,气疵冰
390,闽声晤
391,捕烩爽
392,彻该厉
393,陪嘲形
394,冯舶膜
395,衍尿灭
396,犁吏实
397,背漾誓
398,衅躇逻
399,昔瘤灯
400,攘革善
401,启氛渔
402,泅诗偏
403,购珐球
404,梁虎蓄
405,筷厚茅
406,现价陶
407,傈躯尉
408,彪笆攘
409,卫瑟卞
410,扒址吃
411,仙问窖
412,黑醋增
413,庞烬哟
414,旨匪筏
415,驾寿广
416,弓动需
417,冀货但
418,馁巧茹
419,柒齐丘
420,障妹履
421,一些猎
422,捎蟹拳
423,硬介缓
424,斩猫蚊
425,抠陷细
426,宽苑肾
427,判项昔
428,滥榷倦
429,癸既聪
430,奈伶恳
431,螟闸沟
432,冤粘颂
433,往陌钓
434,耘事抉
435,酗冲怎
436,共鹊伊
437,镭创甜
438,唆秒再
439,昭低针
440,要经倚
441,催衡凋
442,晃起男
443,碘腾剖
444,映晋毖
445,怂郧致
446,茵炼垫
447,苑竟摩
448,笼廷殊
449,勉踢铣
450,讼迎丽
451,票抑整
452,钓坏础
453,耳葛褒
454,钳醋琵
455,藩鞘些
456,靡曹班
457,伞偶化
458,远裁议
459,硕按肺
460,冶梧兔
461,鼓叔呈
462,滑苯契
463,色盲胯
464,蹭膊望
465,泌庭颧
466,喷炒矫
467,娃冗剑
468,芳朋赡
469,儒炼俯
470,灰皱诧
471,寞荫粟
472,妙驰斧
473,普长迷
474,辣赦允
475,寝戌辨
476,输畴争
477,柯拜逛
478,号疏剑
479,苔朋缮
480,钉护亭
481,招甚驰
482,斋趟段
483,炎赶布
484,第扒舅
485,阔匠戊
486,忆呀佳
487,报烫搭
488,油悄牌
489,崇讶美
490,琉韩云
491,孵跨里
492,牌纱蕾
493,闪福硷
494,沫铃镀
495,沿慷银
496,翱义淖
497,龚感吓
498,葬禾躯
499,羞溅豆
500,饯苯烁
501,柠惑因
502,栖缸批
503,瘸侩腿
504,炒节逝
505,醋民玛
506,块朗鄙
507,拣己马
508,萝俭趋
509,仆数蝗
510,仕便营
511,颠释汛
512,捧淘寓
513,娶域毡
514,蹬挞幅
515,坚苇隅
516,称架豫
517,捕愿鸳
518,慈米位
519,扩扭侦
520,酪轻吃
521,溺描航
522,禽掂父
523,固法影
524,柱抚植
525,神忧较
526,师拨妇
527,到蔫汲
528,轴调芜
529,渴侦供
530,嘲裙察
531,志每县
532,咱赡涂
533,蔓陵缩
534,癌元钢
535,滦衙频
536,夸虽葵
537,恐傲器
538,烤廖周
539,穆瞪官
540,淆磁琉
541,公至扑
542,禾稍枉
543,瘫骡燎
544,规建瘩
545,理椭竟
546,扶吗拜
547,胞倪游
548,卖姨概
549,寇抄咯
550,遁黑恋
551,争馆复
552,硷霜令
553,郝瓤隧
554,牌灭公
555,皖敲殊
556,瞎纳汞
557,润苛绦
558,俯孪瞳
559,键序甫
560,嘘埂剑
561,妒竖罕
562,源藕绪
563,无请阶
564,篇涸僵
565,拟寝趣
566,敲吓舵
567,帛既妊
568,藉躲枣
569,会筷猛
570,莉雍噶
571,柿合脚
572,挟碟燥
573,它崩缆
574,瞪掀吃
575,器颖久
576,逼捷怎
577,惶压弟
578,君老繁
579,媚累研
580,值馒笑
581,挂匹瘸
582,青抿疵
583,跺蛹剔
584,窃铸撂
585,略株勋
586,胺愁协
587,孟旦格
588,埃阁戮
589,贱晤谴
590,静蕊琉
591,濒瘦案
592,发疙激
593,詹含凰
594,刹菲打
595,下因鸟
596,佛嘶掖
597,烛更冀
598,炭枯盘
599,旷质疟
600,杆锗貉
601,敞妖抠
602,标斜烛
603,骤剔蜘
604,击傈或
605,琅燕瓶
606,洞登浓
607,虞狂笨
608,猜染菩
609,塌守蜜
610,溜台擒
611,惨章批
612,鞘寿坡
613,芥奖雄
614,陛箱怀
615,谍宦骡
616,柑外逼
617,蒸掩铆
618,菊趴饰
619,杉驴帧
620,勋祷只
621,煮褪瓦
622,舟丢秦
623,袭农烦
624,敞点可
625,叫咋阴
626,素知妓
627,戒郁矮
628,摘阶离
629,批忱祈
630,使皑神
631,彩挨饼
632,回抒坑
633,饱椅女
634,哗弘糠
635,遥别彦
636,每锤晋
637,屏象渐
638,群灌捌
639,捻讶山
640,肌癌媚
641,贮洞体
642,侍穷畔
643,颁关懈
644,撕轩致
645,谷嗅邯
646,绿讥赠
647,佰茂诬
648,早圭穗
649,返硬弱
650,迟瑟骄
651,稠赞似
652,沟稀险
653,爷击秆
654,扫仟宿
655,代彰江
656,铸删合
657,项馅裴
658,泄倾受
659,蹿挪希
660,购木虱
661,润逊盔
662,蛮妻腊
663,廖釜端
664,这石价
665,蛔牧傅
666,隧洼迷
667,蛋酸篷
668,冗剁戳
669,颐酝算
670,岁嫁班
671,厩鬼谅
672,合唆烙
673,眯忘坷
674,灾讨豢
675,俯凝叶
676,枷戮联
677,砚整乌
678,谍扒澜
679,皱遣秀
680,饮买德
681,蠢歌丫
682,微花醚
683,捞暗纹
684,至希赊
685,捷汕粗
686,恩藕荤
687,披釜闭
688,远腔擦
689,撒舞货
690,撅舞膛
691,糙毋罢
692,芜蒋心
693,茎耿癌
694,帅靳馈
695,鹿拎辟
696,较役植
697,粮憨缅
698,锯宙仕
699,衙磺妇
700,攒秉汗
701,瞩佛慢
702,迂如馁
703,智直佣
704,剖桂邑
705,峪返享
706,拒支节
707,扎楼越
708,恢匀电
709,嚼滇磕
710,禽罢别
711,湘踏卫
712,等睬尔
713,甘脂骡
714,灰舀蜒
715,膏泵浇
716,涸迅佳
717,洋徐抡
718,额捐篮
719,麻眼砚
720,吮书赢
721,移捏官
722,倘瘤槐
723,矩微攒
724,蚌炭腮
725,认膳锰
726,好滚虫
727,柿掸铡
728,傍徐焚
729,并肆诊
730,彰泳玖
731,时啮昔
732,慢徘压
733,匙娃儡
734,邢纯拦
735,瑰托冗
736,嫩种弊
737,低烷垣
738,得吠入
739,仪杜绚
740,狐被戈
741,超屑蔚
742,目苍废
743,隔惨锑
744,添灿疚
745,瘤块胀
746,纫吵懒
747,耕佬嘻
748,屑佰灌
749,畔灾订
750,届惹磅
751,脚裙梆
752,臃赠混
753,黎湍锋
754,条轮帆
755,琼予霄
756,汛斡辕
757,痴吴隧
758,精褐翼
759,梗玖悉
760,淹活们
761,券圆赢
762,鸥侥杠
763,姓迭托
764,虐味陕
765,抒搬商
766,摆垛详
767,洁渗振
768,钨冀呻
769,宪您两
770,乾皆冬
771,迅揭薄
772,帽芒匪
773,吴匙巍
774,阿搞乙
775,荡伸趟
776,顷嵌舶
777,馈矫衫
778,肆架蚕
779,桐彭登
780,禹莽踌
781,含链船
782,伏体隋
783,碌壤撬
784,根叹粤
785,涛蹦哲
786,婉学艺
787,耘半敛
788,啪馁夕
789,柬主阀
790,君跨逢
791,迢茹槛
792,浙驴孟
793,宠彩通
794,鞍琴贷
795,贾啃刺
796,悬革石
797,遮报悸
798,佯舶笨
799,茵址凌
800,贵烙裤
801,铱南搽
802,耍雌萍
803,秒捞咐
804,姻敦枪
805,撑贰鸯
806,美义肃
807,絮红栽
808,惭捻书
809,萄练广
810,沟殆翅
811,靠缴晋
812,驶农尤
813,锌纺瞧
814,呸激佯
815,燥头同
816,暖啸阀
817,趁警危
818,唇呈颗
819,苍牲曼
820,象洼霜
821,斜歉核
822,晃面巨
823,绸帕陷
824,莆镀傍
825,狠设摧
826,痛秩五
827,循托酉
828,刚口渔
829,蠢粮撤
830,非魏锻
831,朱芒橙
832,票式材
833,诬方致
834,滞版伴
835,腥舜侵
836,术蚤骇
837,娘渭榷
838,甲伍剁
839,绢久庸
840,绩陵鳞
841,房撤双
842,巷撂泣
843,击袱卞
844,衔获蜂
845,腔挑拆
846,见瞅姨
847,些捧广
848,嚷钠而
849,岳颅笋
850,德场狞
851,暮粤抚
852,拭谍辟
853,很尽盗
854,蜜诺赴
855,耙匝梅
856,蚊蛰犹
857,毡旁谍
858,鱼抹已
859,嘶硬鸭
860,稽算翱
861,父扭岛
862,收朋咆
863,帮船欲
864,兴家倍
865,锹添搀
866,磨掖管
867,江供棠
868,登树眠
869,哺冯畸
870,顷糯洛
871,梁铣棍
872,茫手趟
873,言坎梁
874,孵途曳
875,懂垒仍
876,诊赵伊
877,箱磺钥
878,驱忍明
879,价本链
880,惫企哗
881,谁倍渗
882,吠岩烦
883,从抵氰
884,导般启
885,拉贸汾
886,膳圃逆
887,蓄岂透
888,骏腥沫
889,邪腮衙
890,奄瘟主
891,碴吼悠
892,她纶域
893,粤捞泛
894,疹死镑
895,阳知掏
896,酸耿南
897,伸峰冬
898,废艘权
899,除留吝
900,层债婚
901,智摩珊
902,荤砌生
903,颓戎瞧
904,词廓虫
905,齐燎哉
906,锤键坚
907,洪衙姚
908,惨褥永
909,唆掀膘
910,萌票忘
911,龋故疮
912,步虚氓
913,敌摩搜
914,崩罗求
915,读衍荣
916,滤脏探
917,步洗拎
918,一窖万
919,古砂本
920,咱衫鹏
921,义卞胶
922,铅泼药
923,的灸栅
924,昧匪寞
925,撩疚荚
926,贩伤赃
927,普医秉
928,撵酒阁
929,钨羞抬
930,吊得饶
931,函欢舆
932,劣哺氖
933,碴镀涵
934,门盖抱
935,水舔烧
936,攫突沛
937,丢复搐
938,荫撑颐
939,赠温舞
940,轴乘阶
941,敖邵佬
942,隶掉验
943,诛裹舷
944,蹿搂仑
945,毙腑启
946,贾徒抬
947,洛娩夫
948,履曲苞
949,氓溺枕
950,壁鸡嘉
951,裂叔塞
952,谁得掖
953,榴覆拾
954,坞寂沼
955,皋羊曹
956,崔晌挨
957,椿晚腔
958,邑捎卿
959,条捶脑
960,伸秦绞
961,串擎很
962,巧显肪
963,章嚏占
964,碗构惧
965,惨看肌
966,王降脑
967,怔量趴
968,釉憎被
969,晒臣吩
970,芦泉敛
971,毁谎薪
972,备读悼
973,硬纽毅
974,尖獭潮
975,段值当
976,步倚宝
977,观帖瑰
978,冗卯皑
979,帧留帜
980,垒谐噶
981,昔氯淤
982,蹦胚篇
983,趟函彦
984,给墟匙
985,恫烂扶
986,杰星淋
987,惯搂气
988,宇铰其
989,勘樟份
990,伦豫惰
991,逼咎格
992,财吮茧
993,泼叶坚
994,削删您
995,派靛始
996,小韩吴
997,迭琉敞
998,疙捣师
999,霍煌震
1000,鲜柒栽
1001,炕赁韧
1002,溉丧其
1003,霉淤牧
1004,史笑牡
1005,拐遥泊
1006,减膀浇
1007,基虱掀
1008,颁剃暗
1009,栏禁舶
1010,菌藤诚
1011,凹尿臣
1012,臭妊决
1013,瘩绿跋
1014,阜惕绑
1015,烽倾混
1016,菩众风
1017,涤趁趁
1018,汁宾瓮
1019,鄂蓬椒
1020,氟买彩
1021,燕酒求
1022,搪拦话
1023,棵嘶南
1024,早悬爆
1025,译毛涝
1026,督凤裤
1027,震榔合
1028,孵用盒
1029,檄睹理
1030,醒泊坍
1031,员悍将
1032,稻隆滥
1033,枫需稠
1034,断瞳昏
1035,咙挤滨
1036,魔硒菜
1037,呕锅窥
1038,罩织邵
1039,盂长皋
1040,颠式庭
1041,秸傲匿
1042,姐炬巳
1043,偿顶词
1044,凿儡适
1045,舱腿潦
1046,冉磊还
1047,寝墩粘
1048,蔑鄙观
1049,偏废风
1050,旗粱掠
1051,擒岛澡
1052,被口栅
1053,鹰想侧
1054,俺章孰
1055,页雕遂
1056,动翱虾
1057,钉绽骤
1058,乒革筋
1059,债氓昌
1060,各虞致
1061,颧甩夹
1062,创涟臂
1063,凉卡勋
1064,养刻摄
1065,萧削胀
1066,峰碍脖
1067,纶怂诀
1068,死铀触
1069,氛艰幕
1070,奴姻阎
1071,蹭炼盼
1072,荚排镰
1073,师蛰渤
1074,侣涕絮
1075,粳诞霸
1076,鸳筹鸿
1077,腊焦裁
1078,疚愤针
1079,壹趾返
1080,串更续
1081,苍琴委
1082,裔玖柔
1083,仁刨汤
1084,姚白些
1085,伙颖郴
1086,伞培滇
1087,泻袁钝
1088,胞郡休
1089,奶韦案
1090,尽舅耽
1091,找羔藩
1092,跳蛮敖
1093,携芋僵
1094,摇昭烹
1095,技颇劣
1096,菏坪典
1097,实淌祸
1098,歧昌棒
1099,店写逞
1100,考寻犯
1101,尼辐俏
1102,零戏七
1103,铝青怎
1104,涝订腑
1105,田室捶
1106,胸窃倍
1107,袜蜗区
1108,谈成已
1109,才苏贡
1110,纳虫蔷
1111,禁洽侧
1112,哩企躲
1113,伯瑞椰
1114,箱基笔
1115,闪恒断
1116,蓬喇澳
1117,杖抿贬
1118,乖吻旋
1119,沫赴然
1120,剑例水
1121,帚误韦
1122,枉拼丽
1123,何额解
1124,丑厨瞻
1125,姓朱湃
1126,变还狗
1127,钠阉晨
1128,由碱践
1129,糊爹恍
1130,奎沪蔗
1131,跑誊博
1132,均俏煤
1133,香爽挺
1134,验砒售
1135,襟览拔
1136,允钓汝
1137,标厂横
1138,趣整沸
1139,符鬼观
1140,青餐慕
1141,兜盐颠
1142,效戍号
1143,宽燥水
1144,确恃揩
1145,躁圈发
1146,堕某冶
1147,钉握翠
1148,梭敦勺
1149,邀袄挥
1150,萄琼挣
1151,低书翁
1152,稽屑谓
1153,斟峰画
1154,肥蕊队
1155,邯刑闻
1156,诉斜滥
1157,僧隘田
1158,鳖赢嘎
1159,匿诈辜
1160,掳吱扇
1161,吏浇欧
1162,蒜恤嘻
1163,胚讽蚊
1164,铝韧钥
1165,激婉碌
1166,司蹬戚
1167,褥硝恩
1168,靡慑萌
1169,鼠买趴
1170,轻臃批
1171,疥芍剐
1172,你列闲
1173,吝驰婆
1174,氨绥谅
1175,袄爵周
1176,磨吟纤
1177,契献痪
1178,皱刹滩
1179,牢粉宋
1180,秒厕束
1181,泉酒余
1182,聋姐魄
1183,讣猫医
1184,妹盐麦
1185,咸寅刃
1186,改瘸梨
1187,拟穷插
1188,捣佰镜
1189,兢榔闭
1190,钓丰夯
1191,创是粘
1192,舟蜂赢
1193,趁彻萌
1194,修嫩劲
1195,雍缕镍
1196,袖洛窥
1197,荡筏隆
1198,毙嗣颓
1199,胃婿胃
1200,楞狐叶
1201,水仿烈
1202,稿遣轴
1203,邮柔苯
1204,封庸阵
1205,萎碎犁
1206,熏恫肇
1207,倒霉栏
1208,价酿贝
1209,黍瘦贤
1210,牛驯创
1211,淮浙镇
1212,胖应晶
1213,大洽陛
1214,诣择苫
1215,哑缄盲
1216,碍撮休
1217,鼻每疯
1218,爸啪狂
1219,宠逗囊
1220,曳弧翼
1221,燥摊湍
1222,互栓创
1223,付犬归
1224,瘴猫劣
1225,盔抹绸
1226,坯勾简
1227,瘸盟陆
1228,窍均墙
1229,傲债多
1230,暂蓄娃
1231,飘阔权
1232,塘犬形
1233,嗡坑曙
1234,亢润猾
1235,惫堰键
1236,净雇柿
1237,驼裸曾
1238,罢蔽腐
1239,葱梢龟
1240,优委懊
1241,炬唐阶
1242,强贴控
1243,毙辐误
1244,冈示留
1245,氖歇轩
1246,辣念布
1247,泞偶赁
1248,治葛玛
1249,华拣愈
1250,步彩沁
1251,涡乳稀
1252,侄否克
1253,诊胞矽
1254,奇骄凶
1255,暗票令
1256,匪葱伏
1257,黍宾咯
1258,画岔伯
1259,吗载东
1260,默函应
1261,方趾一
1262,啸暖浆
1263,尔序俺
1264,删狈领
1265,旷窘坪
1266,栓戊沂
1267,诗振宝
1268,尤姚育
1269,陡渤歌
1270,诈乡碍
1271,孰悼砌
1272,床梅绍
1273,穿厘付
1274,全僻嗽
1275,爬磺颈
1276,遂人盔
1277,欠柒查
1278,握嘻遍
1279,泰脉姨
1280,哀虎蔡
1281,肌腑昌
1282,急莎悔
1283,草右响
1284,详鞋连
1285,快惩惺
1286,裴墙皿
1287,靶侯瀑
1288,钙宴獭
1289,虾介褥
1290,陈盆矗
1291,盟昆仍
1292,祥勤思
1293,婚幼敛
1294,观婚票
1295,抛悯巡
1296,咀雌生
1297,弧在痪
1298,但塞玩
1299,爱茨函
1300,噬夹崔
1301,萨狠卢
1302,筹初渝
1303,忍融瓤
1304,脱玛古
1305,拇襟夸
1306,蔷硬寸
1307,智兴能
1308,砚迂般
1309,裙东仪
1310,斥雍悬
1311,殷灾估
1312,永覆垒
1313,耕矩畦
1314,喘罐灯
1315,被庞赖
1316,恫汀生
1317,马数蔽
1318,瘦缎芳
1319,甚宋后
1320,氛阐盟
1321,粗扣菏
1322,茬潘肛
1323,滚蒜眉
1324,诌晚朝
1325,琅乏殆
1326,酸腮旨
1327,侠瓤禽
1328,林阵董
1329,寞挟篓
1330,揖秸留
1331,化鄂敦
1332,锁棉琅
1333,热构颓
1334,砾抨府
1335,帽苦镀
1336,鲁仟筹
1337,挪虑卵
1338,补告疯
1339,碌铰钱
1340,输孵咯
1341,盗旋塞
1342,埋父牌
1343,忍司纤
1344,徽拦绒
1345,基骑苇
1346,花帖尿
1347,屡染蔑
1348,茶任萝
1349,党驯抉
1350,芋帧魔
1351,果钧谩
1352,福怜波
1353,谁陨昏
1354,宜釜胀
1355,游宙它
1356,樟森狐
1357,倒董量
1358,婶划忙
1359,航千谰
1360,余千郡
1361,侥含蓑
1362,奸署架
1363,雪瘁棍
1364,肠番捌
1365,楼知耻
1366,秃柱骑
1367,肘地议
1368,喧狗呵
1369,乞仕土
1370,漂牵秧
1371,锣霄歧
1372,贺到捶
1373,牡意彦
1374,鹿贺燥
1375,淆掇拭
1376,吝刊盏
1377,呸捕宽
1378,禄幽竿
1379,门丘蜀
1380,副捻桔
1381,儒殊扭
1382,国似爆
1383,禹爬绅
1384,吟恰杀
1385,蒲臂哉
1386,那德淌
1387,边驶失
1388,撕逸坝
1389,炙骂全
1390,扑赞藕
1391,扩彪境
1392,道邦很
1393,里抉储
1394,娠景许
1395,忆悄犬
1396,砌蛔涉
1397,吴顺馁
1398,验糜携
1399,串屿蓑
1400,竹裙桑
1401,酸审锈
1402,喊炼裙
1403,四挂穆
1404,特怖脓
1405,嫂哪怯
1406,骋证驾
1407,覆罩设
1408,杰垄白
1409,炼酗折
1410,终函驭
1411,氧寐倍
1412,违盟播
1413,咋帧咸
1414,彤概烦
1415,造望平
1416,耽菩岩
1417,憾庚鞍
1418,痊泅奖
1419,描瘦沮
1420,瘦嘲渭
1421,襟缝杰
1422,刀煮敢
1423,严蛹削
1424,光蒋萝
1425,羽陕踞
1426,副恍舌
1427,酣咱例
1428,煤鼓佣
1429,枚也水
1430,绕发颗
1431,触厌杰
1432,硷但绎
1433,尿啤渤
1434,霍疡斑
1435,京轴鸡
1436,帛圆死
1437,沦挡盼
1438,豪扩卢
1439,宅崩幂
1440,桓帅椭
1441,葛逗踊
1442,裳紊弹
1443,猿副蹋
1444,掷臂蒋
1445,蓖睹趋
1446,峙戊圭
1447,城考熬
1448,骂蹄朴
1449,煽矽邑
1450,轿檀蹿
1451,落础桥
1452,胸蹈轨
1453,睁蹦悼
1454,肾辖镜
1455,绚栓塘
1456,贝蚤奖
1457,嘎傣掷
1458,授稗滇
1459,贱稀奔
1460,赴袜哨
1461,引脂国
1462,搪贪户
1463,红消莲
1464,位趁茄
1465,绸援线
1466,淋街移
1467,秤仿药
1468,朔示丑
1469,咯此铡
1470,烤卉猜
1471,燎渐察
1472,悬姜缎
1473,效劫拴
1474,唤歌广
1475,诣川瓮
1476,俘摹衬
1477,汝慢楼
1478,橙他胶
1479,削泄榆
1480,迁浪釜
1481,伞篮妖
1482,辨罚迅
1483,滞猩沸
1484,贮幢轿
1485,雅科却
1486,脐殃嚎
1487,汀瞥冶
1488,葛饿植
1489,均搀恒
1490,盲巫溯
1491,赤名亨
1492,原倔刁
1493,丝碧芍
1494,瘁蜀豌
1495,沼香涡
1496,钦奥日
1497,针虱弦
1498,婆啥灿
1499,哇兑授
1500,带酚晃
1501,氢或迂
1502,稼详谤
1503,添汝炔
1504,职匿惫
1505,闯阜枣
1506,顶竣荫
1507,腔俞没
1508,懒拭悼
1509,淆矾劈
1510,濒樟缚
1511,有剪肝
1512,簇兽运
1513,嗜摘词
1514,福砌逃
1515,素抛伏
1516,居兵溺
1517,镑诽荔
1518,俄扑藩
1519,沈含厦
1520,札酥旧
1521,鹏绕肚
1522,币诲仍
1523,赣寒翻
1524,瓮绰琵
1525,屏鄂桥
1526,湾损只
1527,拎碟臃
1528,冰喊避
1529,盾溢唇
1530,跋笛俞
1531,旗钢理
1532,哎贵绒
1533,峰柜心
1534,侨阵贺
1535,琶这淋
1536,绒篱工
1537,斑劣墟
1538,家炉热
1539,粒观彤
1540,虑驱蹄
1541,茎欺锁
1542,舅亭然
1543,椅州忻
1544,惹拿厕
1545,哮荣脆
1546,脉旁媚
1547,每棵膊
1548,茬瞅莲
1549,逼谱烬
1550,碾倒落
1551,萨备借
1552,宇瓦诬
1553,巷脾酗
1554,舱慢痢
1555,旬绪串
1556,太狙疤
1557,朱鸳柯
1558,浮忽承
1559,狼器炼
1560,倾冬儡
1561,吉添谅
1562,菠门早
1563,腹弹求
1564,畦两翻
1565,嚣酣武
1566,钟身达
1567,育谋特
1568,拆精诛
1569,央谎索
1570,驯蓑朱
1571,朴掏戌
1572,礁酮脸
1573,茶焰殿
1574,嘲圾售
1575,席堡乒
1576,丹省攀
1577,舟渣染
1578,郑委淀
1579,裹林码
1580,液骸砧
1581,妊梳缺
1582,层琐泄
1583,巡淬体
1584,寒讣汕
1585,峪叮飞
1586,小绒驴
1587,建镊剂
1588,绽坟毋
1589,黑恼溜
1590,亥曼桅
1591,纷场津
1592,蔑峨择
1593,箍酣贾
1594,擂痕拢
1595,北但士
1596,泛蜀曼
1597,菠介床
1598,诸泛排
1599,谓扼逼
1600,晾矗番
1601,窑澈局
1602,常檀咏
1603,炔菱邻
1604,抡友付
1605,宇易嗽
1606,莹迭趴
1607,可吩侦
1608,科构谋
1609,市绪紧
1610,道晚踢
1611,四莎鞋
1612,实何胀
1613,象龟瘪
1614,速持颁
1615,憎脸宴
1616,铁融岿
1617,嫩豢焙
1618,呸邢锌
1619,援鳖柴
1620,青瞒亏
1621,烦仍刽
1622,骇企睫
1623,亨涣筛
1624,驹冗嫂
1625,傣象汀
1626,洽蚕母
1627,隧佛汛
1628,净匠咋
1629,现椽弹
1630,粟臻辊
1631,罗深墓
1632,安闭唆
1633,接张熄
1634,肖瘟特
1635,这绕煽
1636,外折嚷
1637,盯革切
1638,扶盈崖
1639,恰槛札
1640,玲赁劝
1641,歌汀砌
1642,缘措熬
1643,桅狙幕
1644,程盐脯
1645,佰飞扳
1646,蔗今唤
1647,剿阴计
1648,渣哲渣
1649,辛雁非
1650,为渭揩
1651,扑狞寨
1652,竭晤溢
1653,也殷墒
1654,赫绍奇
1655,类菠殿
1656,郡请柱
1657,豌亢妖
1658,蛇揪芋
1659,毙霄育
1660,保逃钎
1661,碎肆栖
1662,删东报
1663,畸抛伎
1664,侣削捶
1665,澎挟碗
1666,花菇墙
1667,懊孵比
1668,个货鲁
1669,蹄讼批
1670,偶货煞
1671,上傲给
1672,交脾储
1673,拟折耽
1674,疮越戈
1675,磊晰两
1676,曲承亦
1677,超钳卖
1678,饺遗扑
1679,八糯拎
1680,墙充迭
1681,轩板狠
1682,接响逢
1683,盆僳播
1684,示加澄
1685,味靠蔫
1686,安圆里
1687,篡锡耪
1688,臂萄沂
1689,柑栖备
1690,郭嚷雌
1691,站惰净
1692,跃脉克
1693,痒松龋
1694,展淹唇
1695,椭咯纹
1696,移乙亡
1697,抨通裴
1698,列吮秩
1699,眠痹百
1700,霍灰篮
1701,凑壬衅
1702,滚昆峙
1703,搞衅祭
1704,路妊考
1705,晚嫂鼻
1706,卿痹仟
1707,刁啊锅
1708,约虽烽
1709,衣淑剃
1710,茂痰砰
1711,衬地禹
1712,舜愁莲
1713,斜肝蔓
1714,厦酞市
1715,姐肌趴
1716,批褪禄
1717,泅茅菏
1718,店亏臭
1719,烩旋务
1720,瑞获号
1721,承寨涪
1722,淆脊焕
1723,帅瓦与
1724,蚊疑斌
1725,卡曲神
1726,聊狠徘
1727,再葛保
1728,激增背
1729,城税答
1730,瘟写窑
1731,袜口夺
1732,搪减明
1733,竖欺蛹
1734,枣钱其
1735,泰袜断
1736,拄迎正
1737,跳貌焉
1738,磊鼓娥
1739,餐坷拷
1740,功凌邦
1741,劲僧比
1742,姑镇谍
1743,洱聋煎
1744,蕉聋苞
1745,伯等巳
1746,渔步京
1747,础蹭旧
1748,磺盆贺
1749,趾创斟
1750,窖闭镍
1751,慕夹嘉
1752,萤乓担
1753,若卷奇
1754,唤颓锭
1755,盂驭通
1756,佯腆宜
1757,瑞汤葵
1758,岸矩须
1759,特鹏铺
1760,沈表痞
1761,甫甚撮
1762,玖侩垃
1763,志培葵
1764,托官满
1765,净班苍
1766,厦碧愁
1767,锹筷蹬
1768,痊雏戎
1769,甄永塘
1770,删证咸
1771,葡锭太
1772,揩坞翼
1773,祷出痞
1774,仰卜忆
1775,到牢备
1776,糠匠滩
1777,邓杠斗
1778,书查凋
1779,米灾邢
1780,缴墒允
1781,盒猩徐
1782,挛搓疥
1783,懂驱炎
1784,数烙戏
1785,彩共遥
1786,饯几堂
1787,瞧锅们
1788,柬刹笨
1789,豌拿湃
1790,石鉴欧
1791,育崔傻
1792,寂前芒
1793,耳蓟腺
1794,裕菇撑
1795,滔喷逆
1796,吏纫嫂
1797,晴奋升
1798,丘赢含
1799,帆斯货
1800,凛怨喳
1801,浅轴酚
1802,违滁簇
1803,们杖秒
1804,检瞅徊
1805,弊而砍
1806,迭缝氨
1807,败撤滑
1808,堵哮钩
1809,贝链催
1810,栽烩明
1811,恿咯储
1812,律述墟
1813,葵鲸崎
1814,泰日波
1815,拜谢施
1816,魁豁商
1817,继记呛
1818,掇媚包
1819,悠盲巡
1820,纽侩癣
1821,皿奸惦
1822,吵女撬
1823,瑞徽蹲
1824,附绍守
1825,中喧饯
1826,秋擦吕
1827,齐淳驼
1828,雇钞莫
1829,刨郧釉
1830,给弛柴
1831,恨渝突
1832,氧涧滩
1833,舱高芋
1834,蝶旬慕
1835,喻派泽
1836,梆贯捞
1837,晚旺艇
1838,退牧嚷
1839,膝淬夫
1840,茨裔渤
1841,葵凯迂
1842,娟振吞
1843,篱顿阉
1844,里傍娶
1845,额柯赤
1846,基乐胳
1847,预秸裁
1848,菲饱饼
1849,烂瑟耽
1850,师恿拖
1851,叮钦粪
1852,铁堆呢
1853,使盘洼
1854,材豫捡
1855,酸永厂
1856,蓄让吏
1857,某蝗扩
1858,岸梦笺
1859,搪钳悍
1860,考闸鉴
1861,侨院噪
1862,改慢吧
1863,虾痕枣
1864,抿蜡彤
1865,喇撂数
1866,丢岛犹
1867,匝便甥
1868,竖弓眺
1869,挨胎即
1870,嗜煤鸣
1871,瘩艰弘
1872,诚憋酷
1873,隶棱闷
1874,爹亥蕉
1875,蠢琴慎
1876,鹤胰舒
1877,掀棵镣
1878,迎宰釜
1879,犁他鞘
1880,扫恬县
1881,母握棚
1882,镭碗轴
1883,梭锯乾
1884,歇扭裁
1885,廖蔗甲
1886,醚碍豺
1887,私丽侥
1888,鸳之躁
1889,遥引乱
1890,凤笋秆
1891,狈考檄
1892,赦冉之
1893,换汀惨
1894,连歼炽
1895,叮舅利
1896,甸底鹃
1897,录荚恃
1898,再屋博
1899,硼荷添
1900,衍牌滨
1901,过减屠
1902,娱察辈
1903,羊赞弯
1904,辩燥牡
1905,奠飞郝
1906,竣塌腆
1907,柄尖瓷
1908,仑旷葵
1909,羡善颈
1910,等码戚
1911,砷豫剪
1912,肠茅虽
1913,搁斋矛
1914,祁炼爵
1915,对挨灵
1916,融踩购
1917,绽铰神
1918,搁娇伶
1919,亮中蹦
1920,滩犯织
1921,脂舌挛
1922,氰易未
1923,商胳较
1924,省芯把
1925,浦圆豢
1926,坛学饵
1927,鸯贯梁
1928,灯号揽
1929,壬送孺
1930,趁铀辣
1931,扦谍侧
1932,怕疼坏
1933,腑澡兆
1934,火嗡秩
1935,痞裕汝
1936,糖还斌
1937,麦级像
1938,缕览思
1939,计壬鸵
1940,忠扎告
1941,真苍赔
1942,砍碧赏
1943,晴阁朴
1944,搬德恫
1945,奇输芋
1946,珍韩路
1947,栽折邦
1948,咱蛹扶
1949,婪玻坍
1950,漓挞泡
1951,绍掖元
1952,敷胚寻
1953,啡围恋
1954,颊蹿宪
1955,虏先歧
1956,棒歌颐
1957,虾妄凭
1958,炒驹辽
1959,讽兼规
1960,饲揖虾
1961,斜恭舷
1962,爆尽晤
1963,培拯拯
1964,铲汉疹
1965,宇疤淌
1966,藐跃遇
1967,哇拂陈
1968,苦少徘
1969,虚早氏
1970,淋迄援
1971,鳖渡严
1972,倒架巢
1973,印婚腕
1974,沽澡敞
1975,术牢逞
1976,骆愚怠
1977,赠然顺
1978,抉兢为
1979,算付馆
1980,看召其
1981,妻岸径
1982,刺揪蚊
1983,眠镇夜
1984,蕴稚趁
1985,墨讹影
1986,洗腔砾
1987,贡协特
1988,伦徊抄
1989,拓蓉扶
1990,绩册醛
1991,契诞虐
1992,嘶阉戒
1993,厚构形
1994,谤衷桂
1995,肋懊娄
1996,嫡铅咀
1997,彰酗月
1998,樱霸鞭
1999,菊孺规
2000,凭途杠
2001,璃锌苫
2002,脉扬板
2003,颓行泄
2004,踊沾翠
2005,莉直罩
2006,全衣锁
2007,斌丁钥
2008,孝馒怀
2009,娘盂障
2010,尽谊梗
2011,鲸犹黍
2012,够遏夸
2013,雏初氓
2014,犹习腿
2015,署傈蹋
2016,碰萨换
2017,干婴咕
2018,粱厄瘁
2019,祥仿葛
2020,岔噬撤
2021,腋共雀
2022,胁新生
2023,及汁贰
2024,搜瘴赢
2025,荒凯诞
2026,遏蚀耀
2027,完胞憎
2028,址凄氨
2029,恶殃含
2030,狮洪仇
2031,策贞饯
2032,晋障蝇
2033,兑艘曳
2034,驯彤阐
2035,凤侩翰
2036,遂拯吠
2037,炒记疵
2038,捐疫邻
2039,免补栈
2040,蛹诡扫
2041,宴啪则
2042,蔬佬膜
2043,使腺曾
2044,甩循例
2045,疑偏潍
2046,涧乐梭
2047,斧疾缝
2048,怂位独
2049,匆候遇
2050,院椅坍
2051,徒废然
2052,窑渺奔
2053,命摘免
2054,促馆铸
2055,驾虚歼
2056,罚地纶
2057,闲叔肩
2058,刁唇打
2059,阐崖期
2060,号瑚布
2061,俩咐烯
2062,招卫翔
2063,护登咖
2064,盆时士
2065,糜垛拄
2066,股除署
2067,佳迄点
2068,八拒摄
2069,位斋袭
2070,盲萄隶
2071,团疲肇
2072,兵蛮仍
2073,朋埋聋
2074,叹疆爸
2075,仁跨支
2076,蕊琵广
2077,枷瘴媳
2078,雇彰视
2079,模粕隋
2080,姚晰艳
2081,膜张蔑
2082,露尝惟
2083,契诸乾
2084,怜疤雾
2085,煌倍广
2086,献荐坯
2087,祷搀疏
2088,拔湘肘
2089,魂燕斩
2090,菜吴迅
2091,症刊榜
2092,乍胎户
2093,孰崎畏
2094,壶寿讽
2095,婶闰皿
2096,缘伎睦
2097,蛛陨枝
2098,炊曙位
2099,敦葫簧
2100,解凌凸
2101,讶睛泉
2102,弓深喝
2103,怜嗣墒
2104,函哩撩
2105,镀疙担
2106,烫乍具
2107,肛瘴肋
2108,由镊边
2109,铡锚养
2110,啸挖桅
2111,敖壤尘
2112,砒廊扔
2113,积侦挎
2114,绿血颖
2115,界彬苑
2116,绊沁婴
2117,奖绍翌
2118,迪恩睹
2119,榜届学
2120,比杭攫
2121,狐敖影
2122,箭创召
2123,枷潜繁
2124,蹄龋恕
2125,鸳巫妇
2126,部败雪
2127,沦皖共
2128,官羽礁
2129,原漓居
2130,戌洞腋
2131,履淑懊
2132,堡氮切
2133,曾葬省
2134,幢蟹腔
2135,泅池掘
2136,瘩跋桑
2137,漓宣湾
2138,鲸擎痛
2139,丑蠕芜
2140,惹封框
2141,洞朴绊
2142,兼蔡康
2143,沫遭奋
2144,淀像粗
2145,膜聊姜
2146,绪谈吴
2147,翰良嘛
2148,凛虑洛
2149,簿植湾
2150,喀业偿
2151,教苹梨
2152,茅退含
2153,措舟谩
2154,酪撅舟
2155,领伪眨
2156,套双壬
2157,战搪卉
2158,蛹嚷薛
2159,物蕉惭
2160,斤汗音
2161,驹拷臃
2162,终朵抗
2163,痈毙悠
2164,岿撇糊
2165,墓朴渭
2166,亚勿惟
2167,纬冻崖
2168,梆迭饺
2169,望馒映
2170,稚症溅
2171,沸算共
2172,豪宙忌
2173,锑锌壹
2174,察尖愿
2175,拎劫焕
2176,命载仿
2177,案硕伞
2178,事过岩
2179,佣垦庸
2180,辗疙伎
2181,阅媚挪
2182,瞒逆膏
2183,舍房葛
2184,喀涌经
2185,先这瞧
2186,简谷犯
2187,苗湘杉
2188,荤屉海
2189,诀圈掠
2190,促漾倍
2191,怂散罕
2192,砍窝瓜
2193,稠芳慷
2194,坊混魁
2195,枝含捍
2196,技滑安
2197,嫌脚戏
2198,忠挪畦
2199,许绊煮
2200,轩许绝
2201,箭熟迭
2202,吟饮袱
2203,体深烙
2204,舍俺害
2205,峡肛真
2206,柄撵藏
2207,赖灿腿
2208,妒廓攻
2209,瞬淑谩
2210,陌纷蛋
2211,雌声提
2212,药吻采
2213,窜掣套
2214,拣绿琳
2215,庐莽皇
2216,牧得箍
2217,锅仪系
2218,诊虾诣
2219,档俊陀
2220,靳如拂
2221,瘪勇鼻
2222,匆匈势
2223,省侍印
2224,奸丝展
2225,窃恬页
2226,堕责怕
2227,讯缆提
2228,测滑畦
2229,阵辆物
2230,颊栏蔗
2231,咬洋细
2232,晚旷帧
2233,卸过拒
2234,终裹帧
2235,声硫迈
2236,傅豢尽
2237,显绦泄
2238,灸抄耍
2239,那岗市
2240,倒棉畔
2241,垄恨惰
2242,金上坑
2243,卖赂份
2244,纱筒它
2245,韵矗不
2246,出块粮
2247,孺序裳
2248,呢侣炕
2249,违馋鸭
2250,粉要郊
2251,伸包蚁
2252,稻已侮
2253,鸭喂畜
2254,久瓣莲
2255,韭笺忙
2256,浪涯狠
2257,贾蹋瑚
2258,槽灰慰
2259,谈咸健
2260,啤攀诞
2261,静惮趴
2262,情瞬铂
2263,邑母恳
2264,辱苔敛
2265,藕海休
2266,他蛮揽
2267,洽博条
2268,榜岗获
2269,寂沙搭
2270,筏鸿仇
2271,颤爬免
2272,遭绰苏
2273,械朴擂
2274,蕴沉衰
2275,梳释酶
2276,然不肥
2277,排陇山
2278,嫉缠懈
2279,闺千盯
2280,蜀番敷
2281,变通梅
2282,嚎名扭
2283,迸塞龚
2284,遏她岳
2285,肇据铰
2286,缉输耙
2287,久详辩
2288,嗅沮签
2289,肾痪衫
2290,绽姆发
2291,主摆讨
2292,懒磁壁
2293,剑萧决
2294,给盂骄
2295,觅贸土
2296,论特跌
2297,昔贞垢
2298,话秒俭
2299,抒厘鲸
2300,灌棉狙
2301,裹岳畸
2302,烧咽散
2303,炮阳弗
2304,璃含名
2305,斤踊依
2306,腆矾梢
2307,肇斗宜
2308,锌铜柑
2309,知德尉
2310,响茅常
2311,耿殃赏
2312,亚悸邯
2313,撒檬靡
2314,国启俊
2315,赃温虱
2316,缮裹鸳
2317,毋物牛
2318,舷靴瓢
2319,万脯圭
2320,桃啮加
2321,鸵赵顺
2322,钓羊伪
2323,捎飞吼
2324,携滥叹
2325,拟符昼
2326,类玛铡
2327,拴骏额
2328,碑江常
2329,班高脑
2330,宪辰炼
2331,于衬仪
2332,却末概
2333,宏怨龙
2334,鼎扒鲤
2335,蕉殉骆
2336,陕佃赋
2337,寝陛津
2338,拐稽丸
2339,倔憨担
2340,朵旱瀑
2341,挑凌浮
2342,献存畔
2343,辉梁扁
2344,遭氢劳
2345,寺入谭
2346,芍例拐
2347,基堪箭
2348,掂翌让
2349,肝匀嫂
2350,峙路焕
2351,扼戴哪
2352,惕鄙喷
2353,窟绽汐
2354,呆帽雌
2355,耍苏肖
2356,辟仑添
2357,腆犊都
2358,垫秒蚕
2359,南街沿
2360,湍杂罐
2361,衰嫌逆
2362,谊款漆
2363,鹏崭浮
2364,毖套史
2365,孤翌吊
2366,英嘘浓
2367,彬咋敌
2368,奄冰赃
2369,滇弛澳
2370,滁瞒盖
2371,番已驶
2372,抨疤链
2373,产喇笆
2374,襟热寸
2375,炉锰感
2376,根宏爱
2377,代连蛔
2378,寅赫祁
2379,窟试苫
2380,赞扰锚
2381,钨兼皇
2382,喊鼎拜
2383,沪恐商
2384,钮崩书
2385,道忌太
2386,套舅赋
2387,堤缕刚
2388,民躲贰
2389,肪皑活
2390,齿投姆
2391,散示淬
2392,咕厚坊
2393,矗届城
2394,搀骤脸
2395,钦链榜
2396,争后涝
2397,骄钟肛
2398,贼赌拄
2399,休致柏
2400,铝负沛
2401,羞觅则
2402,释掉匿
2403,永梢艺
2404,外隔嚷
2405,式挺嚼
2406,蛾箔药
2407,焊淫嫉
2408,练堤淘
2409,立章峨
2410,弥倪拢
2411,厦翔手
2412,奢兄胚
2413,责从喂
2414,诌邻妄
2415,刑津栽
2416,书簧矣
2417,柑陨旦
2418,调部爬
2419,耶芬镜
2420,带仿伐
2421,浚黄撮
2422,渺按虎
2423,徽间氖
2424,揪审捣
2425,萄完渊
2426,宫甩塞
2427,唇边煞
2428,千嫂恨
2429,绕孩迁
2430,予达踏
2431,豺彻歌
2432,跃课郧
2433,原萝哎
2434,宅骏鼠
2435,扭鲤沈
2436,拓聪臣
2437,婪泡洱
2438,却喧碴
2439,皿任闰
2440,束袱馈
2441,疚葬公
2442,对楷泉
2443,女泳茹
2444,揪味浮
2445,桨护裁
2446,咏妄笛
2447,役殖级
2448,汰涤该
2449,田斧卯
2450,貌尹哗
2451,锦剩穆
2452,饯椭慷
2453,植帜凯
2454,咖脑吾
2455,墓肆敢
2456,慎辉段
2457,耿响柿
2458,鹤扒微
2459,晚孽梳
2460,胀美愤
2461,折砂膘
2462,炬吮皿
2463,嫡兵泅
2464,咯医鬼
2465,鼓侥骡
2466,鲜尿助
2467,韦孟苔
2468,洪村郭
2469,戴馏岔
2470,黄涧烛
2471,闰菌鼻
2472,要拣啪
2473,颇捧琅
2474,睦原均
2475,胯递磐
2476,巨块续
2477,绩嘱病
2478,锁泉颈
2479,枉掺就
2480,栋森蔬
2481,魄兢旋
2482,佳钦贸
2483,捡扰绊
2484,出敦垦
2485,候践瘁
2486,之江机
2487,虾撕艾
2488,扳盗札
2489,翠桓凳
2490,硬藻煮
2491,醒攘煌
2492,原莹酚
2493,雁皇段
2494,坡落励
2495,取络褒
2496,事衰年
2497,撒炕添
2498,骸肿岩
2499,向杏沽
2500,拇矫英
2501,丁稀睫
2502,屯冯避
2503,缚亢梁
2504,城午桅
2505,蚂锰踩
2506,蛊蛮况
2507,鸟伯淌
2508,洪额者
2509,哦瞧岁
2510,锡痕鸦
2511,率言辨
2512,催饶归
2513,醒瑰浇
2514,令盔溅
2515,杂畜宪
2516,闭寄松
2517,锗仰吊
2518,伞捻洱
2519,梦硕歹
2520,轮曙孝
2521,锰僧买
2522,亡禄挞
2523,容遗镁
2524,策璃卡
2525,狠邱恶
2526,坛耸更
2527,予乙尤
2528,瓣缄驶
2529,捷攒换
2530,即掏遇
2531,似如越
2532,巡窗祷
2533,潍侥侗
2534,落被笆
2535,撑秃掂
2536,媒嚏妒
2537,订饺腔
2538,抵说瘤
2539,搞虏突
2540,工讹弦
2541,蜒选幕
2542,巾拍剁
2543,阂鹅负
2544,丝楔贾
2545,联援首
2546,耀工宫
2547,看跋栓
2548,榆退责
2549,孟篙署
2550,东今强
2551,厦咏恤
2552,败明郭
2553,贷泰沼
2554,商济沛
2555,墩弯灸
2556,丢肠扣
2557,任抒图
2558,裤忿辫
2559,猪郸倪
2560,柔淬潜
2561,粤干愿
2562,刮旭狸
2563,荤脾虫
2564,账茵颗
2565,讽竖浩
2566,找姻攘
2567,盎浆劫
2568,娟炒键
2569,期喂铅
2570,搬殆瘪
2571,钢稳拷
2572,沂彪哪
2573,迫姆纹
2574,造与颂
2575,山蝎窟
2576,监涸僳
2577,把断躲
2578,墟匹肢
2579,寂樊醒
2580,惕搀慨
2581,眯摈掏
2582,感浙铸
2583,狠界归
2584,吵孺舒
2585,绍骨罐
2586,毫跟蕾
2587,崩培忽
2588,泳袒换
2589,惮畔刁
2590,殖厢僳
2591,镊腺答
2592,拖糙蹋
2593,举达罗
2594,萄路流
2595,熔赎瘤
2596,盎记霉
2597,奇能链
2598,天瞪但
2599,辕蜗聚
2600,雇琉判
2601,歌罚忆
2602,衅购谗
2603,章甲瑚
2604,港闯址
2605,砌痕彦
2606,嗜印源
2607,颓速践
2608,诊栈玲
2609,极为趴
2610,磋投奶
2611,暇隧树
2612,闯衔寺
2613,儿崔碉
2614,汲云疡
2615,小霖及
2616,禁怯村
2617,壳斌减
2618,量棉刃
2619,笋甄累
2620,勇蛊上
2621,哮处敌
2622,谣史喀
2623,牢硕惶
2624,呐帘碳
2625,激圾也
2626,蛤碳卫
2627,午劫损
2628,雕雹工
2629,吟画篓
2630,打隙蛰
2631,络昧淑
2632,岭赁依
2633,润泪酉
2634,踌赶齐
2635,邻棵嘱
2636,制藩航
2637,银狼旗
2638,鸯止鞘
2639,庚炽腋
2640,冯湿抗
2641,矫父菜
2642,鸵襄屏
2643,亮俱放
2644,讣咆曙
2645,亿惨佑
2646,兵须砒
2647,漆卿盔
2648,效换奎
2649,迁遣蚜
2650,浙糟缠
2651,晒啡灰
2652,国袄倡
2653,播或彤
2654,僵拎勃
2655,圣臃愧
2656,画碗孔
2657,钡歉妨
2658,幅塘快
2659,进疽勾
2660,剃协酋
2661,御绪全
2662,匹志毛
2663,涉犀挝
2664,盔跟怠
2665,层肃柜
2666,渣缕拿
2667,乎停咽
2668,篓赌艳
2669,蚌耍催
2670,愿岗沟
2671,攘遏莆
2672,甸磨埔
2673,函壹绝
2674,洲举削
2675,骂凉驴
2676,费贝真
2677,趋坪弓
2678,狰雾擎
2679,辖爱射
2680,祥蹄汁
2681,兼役郴
2682,怪兆惹
2683,惫橙伺
2684,派抄萌
2685,滥滴平
2686,厌枣策
2687,阅暇增
2688,伪空九
2689,喂啃顾
2690,雏展诽
2691,由雌枝
2692,掏捶饼
2693,戊惑佃
2694,羽泰呻
2695,龋明约
2696,滞袋骨
2697,阿附剐
2698,客隶蔬
2699,宝钥祟
2700,蓖剔昼
2701,了棍莆
2702,致仗尉
2703,后或凤
2704,漠铜瞧
2705,圃翁散
2706,琵盘引
2707,贼嵌饿
2708,曾惋茨
2709,蹄了浆
2710,置绑靳
2711,样美祥
2712,宠沛贵
2713,丙荤阀
2714,寒殿肮
2715,袁忧沤
2716,甄侵滨
2717,楼体扭
2718,篷确拈
2719,浇苏曝
2720,咽绷夕
2721,枕殆影
2722,帛澳壬
2723,枚绷憎
2724,脖粘烁
2725,曰窝请
2726,忿遮蛊
2727,芍按帚
2728,柿背无
2729,檀棠拍
2730,樟洋怒
2731,稿原施
2732,碍孟寡
2733,导赊疆
2734,草酸土
2735,恭霄瑰
2736,眨拓蛊
2737,猜絮擒
2738,拎兄苹
2739,孽脱娇
2740,板戈秀
2741,瞎耶吟
2742,氓抑檀
2743,折猎邀
2744,端谍宿
2745,沫斗星
2746,仍熬挑
2747,痔笛只
2748,炽幽删
2749,背错剑
2750,修原扛
2751,讨升卯
2752,琶昏惨
2753,你瘪疹
2754,醋阂木
2755,帧缠诡
2756,奎紊匹
2757,期掺陋
2758,屁粗掳
2759,必质缠
2760,纶袍矛
2761,关榨膳
2762,选缩芹
2763,切参保
2764,猪佑忿
2765,试枢甄
2766,探绝处
2767,逗犯噪
2768,壳楞似
2769,琶涕鲸
2770,匹爽骋
2771,把研些
2772,涅所骸
2773,疾钩宰
2774,姚渝氓
2775,颁扬魁
2776,怪拨鸦
2777,零犹寂
2778,捡板嗓
2779,储瘤怖
2780,泊泵斡
2781,绊部须
2782,乐株往
2783,黄挠规
2784,苏藏跟
2785,派瓜舟
2786,乍眠共
2787,稗允攘
2788,茂跋快
2789,焚价隙
2790,垮璃戈
2791,探亩茸
2792,位起窑
2793,插型詹
2794,洛炎炒
2795,拯委朴
2796,恭尺敬
2797,舰室肋
2798,鲁忆藐
2799,蛾芯横
2800,贝浆寇
2801,铝佣荫
2802,宪界胃
2803,遥猴息
2804,星蔗碌
2805,琅诺健
2806,舵簿寸
2807,豁整簧
2808,僧匣蔚
2809,琳敲女
2810,耘嵌勒
2811,呻筏教
2812,辰烯悦
2813,你貉矮
2814,镇宪矽
2815,览议鹅
2816,诵诡媒
2817,致巴础
2818,卑姨摘
2819,丈惭波
2820,摹帚遮
2821,旭辉诬
2822,翰雌佳
2823,芒推绽
2824,吠颠厘
2825,健物凸
2826,七惟拿
2827,芭唱梭
2828,陇茨怯
2829,赣坝粗
2830,珍饲霉
2831,憎端畔
2832,靴伯汤
2833,倔则增
2834,谍庐勿
2835,供谰抒
2836,愧蓑歼
2837,延治超
2838,宇哄扼
2839,坚额又
2840,甩涨睹
2841,筹识皂
2842,淖鬼右
2843,遁忽偷
2844,个时触
2845,膏呕溅
2846,纺筹烂
2847,茨元据
2848,劝翁筏
2849,辐挎钨
2850,迎阮曳
2851,灸策陋
2852,宝狡可
2853,市衷荤
2854,膀棒玩
2855,查盅就
2856,孪谦亡
2857,渴辅哺
2858,赃阅匪
2859,脚招遭
2860,鸽苍荐
2861,刨讣娜
2862,累砂腔
2863,殉陛逢
2864,该升毛
2865,术璃议
2866,谦饶唐
2867,僻尹扼
2868,牢闺乔
2869,兜噪巡
2870,鸿髓乍
2871,凋抛要
2872,兼恫瓣
2873,荚猎臂
2874,亮滇腑
2875,赏梢秽
2876,往骆叔
2877,滩酿煽
2878,蚕换研
2879,并污瞳
2880,剃霄挥
2881,经码钎
2882,疏赴蔼
2883,屿考祷
2884,瓷徐吮
2885,熔馈嘘
2886,形薯颠
2887,狮篙吓
2888,彻滔愈
2889,世娇糠
2890,铡铅朱
2891,晃敦民
2892,问痛脑
2893,昔每睦
2894,花草这
2895,熊臀涌
2896,伤纺舷
2897,络词葡
2898,媚灸绣
2899,鸭迭层
2900,品倘西
2901,改瀑霍
2902,柱迁视
2903,侣绒榆
2904,触束勤
2905,丁更叼
2906,俱像变
2907,批菊稿
2908,米誊鼓
2909,含仟涪
2910,篮会宪
2911,吾篙歹
2912,韶全伴
2913,烩燥醒
2914,替魔睛
2915,偿惦厌
2916,秽泅就
2917,买班潞
2918,铡蜡桃
2919,椰媒牟
2920,杆群尖
2921,秸蚤捡
2922,档甄迸
2923,欢馋紧
2924,撼呆旷
2925,夷拦础
2926,残贱谢
2927,醛控伊
2928,骏懦较
2929,冒圃馁
2930,费掀炽
2931,憋锅领
2932,味侈滩
2933,低音日
2934,愈儡埠
2935,遏喇滴
2936,拼氰贪
2937,锄宇丰
2938,赦廊脾
2939,载迅是
2940,茹塞就
2941,昔闯狈
2942,粒抉星
2943,永迄肾
2944,饥龚歼
2945,驳弘尔
2946,沫尚莱
2947,预砂丽
2948,砂房膘
2949,疙签狼
2950,霉呸勃
2951,却酗那
2952,屈蔑缓
2953,抄此罢
2954,稗雁是
2955,抨棵琵
2956,典躇击
2957,违腔刻
2958,图蛙夏
2959,纫迈截
2960,屎笋估
2961,八欠镇
2962,田泡恒
2963,动萄漠
2964,呕芋僚
2965,箍呛刹
2966,铁歌月
2967,凛略剩
2968,筒数墨
2969,梁抗原
2970,椭残谗
2971,沼娇破
2972,超峪脂
2973,锦割三
2974,帕菌锐
2975,孕郡硷
2976,诈馒仇
2977,纳腿错
2978,竖皑拈
2979,阐碧弟
2980,崎勇矢
2981,闲翁汰
2982,沫退网
2983,先亡嘱
2984,皆炸括
2985,窖母男
2986,伟碱惩
2987,牢柯贩
2988,零奄拔
2989,苦控笛
2990,乙呵睁
2991,沛掏篮
2992,表臻偿
2993,晰保绎
2994,囱钾敛
2995,漆导吩
2996,何姻加
2997,愉额梁
2998,推痔纳
2999,屁众授
3000,上吉莉
3001,堰茨选
3002,层蘑跑
3003,稿式煌
3004,默帚境
3005,拣庇憨
3006,耿跨访
3007,官蕊童
3008,绽念谭
3009,骤咋畴
3010,恰褒庐
3011,摧推犹
3012,诸害与
3013,郸晕槛
3014,浇按秤
3015,克谷都
3016,哟衬怒
3017,飞扛得
3018,恐塌淤
3019,轨胺颂
3020,头莉坟
3021,映文傲
3022,轨赎垮
3023,们甸眨
3024,萎殷吱
3025,惩措都
3026,界妙塘
3027,送濒依
3028,谤母屯
3029,驶霜浓
3030,筛给鹊
3031,藉迈又
3032,声陌诱
3033,关只饯
3034,孝卡涅
3035,享醋账
3036,武买婿
3037,完料肯
3038,描柴押
3039,戈训靴
3040,柱跳峡
3041,训板休
3042,爸呈确
3043,庞电付
3044,添苑髓
3045,矛舟郑
3046,韶抽拆
3047,葛当榜
3048,坡本痉
3049,岂汀鞠
3050,蹿骑罗
3051,疏词真
3052,挥祷角
3053,电乱府
3054,治娘殆
3055,咆幼流
3056,陪谐柿
3057,煽侨候
3058,另槽韦
3059,狮告更
3060,臼鳃猩
3061,钨鸣吭
3062,剃孕公
3063,顺瓦墅
3064,拾趋鸥
3065,港卞轮
3066,羊鹏亿
3067,芳恬没
3068,曙翁季
3069,侩酶姬
3070,辑焚重
3071,棋显广
3072,评狐疼
3073,歼谢该
3074,诗柏森
3075,毋赐遮
3076,夜颐贴
3077,蟹词铣
3078,玫甲蛰
3079,闪睁贱
3080,趋株素
3081,缄隆氦
3082,圃妨独
3083,框慈馅
3084,适丧蹈
3085,体相频
3086,韧痔鳞
3087,蹋讯栅
3088,烷掏勤
3089,框私关
3090,狼挚嚣
3091,阴莱揩
3092,横彼滴
3093,蛆陀兰
3094,却蜘低
3095,囤睁扭
3096,呛奉乏
3097,铅敷县
3098,弧鸡容
3099,瘸儿侯
3100,陋币农
3101,酝旁吵
3102,谈谊捡
3103,狮情消
3104,烤骨卞
3105,摄扮帅
3106,痞谎通
3107,梆杯懈
3108,洁指哩
3109,熔奔杭
3110,幽牧伏
3111,泛笆酗
3112,滦雹宵
3113,鞭雇渊
3114,蒸教垂
3115,藤问欢
3116,另妹贞
3117,驶酣户
3118,憋凌绅
3119,事夏戎
3120,疯滴蓑
3121,率雕兼
3122,坑吭矮
3123,煮茨朝
3124,藏反粗
3125,饼罢尉
3126,洋焊牟
3127,般茹纱
3128,嚎惟搐
3129,缺铰涧
3130,纬鹃冬
3131,绷法倚
3132,圣芬僳
3133,饺钙侣
3134,惧种语
3135,饺罕疑
3136,嗣沮栗
3137,浅酪耿
3138,泣滞痹
3139,据旷呸
3140,茵委鄙
3141,颇撤酥
3142,全陶桥
3143,迎嚷靖
3144,雄氰刮
3145,早艳愚
3146,偿肄蓄
3147,流淑如
3148,赣衣苦
3149,蔑匝帚
3150,搐恤若
3151,维互兽
3152,猪恢厦
3153,咬膛渊
3154,镍哎贵
3155,狡夏瘦
3156,稳随纤
3157,寇儡播
3158,挣段募
3159,汀彭匣
3160,兽妹创
3161,榨惦伺
3162,名砌咒
3163,介泞肯
3164,掌瓜愧
3165,肝吐好
3166,渝闺簿
3167,代蜜乓
3168,污焊赔
3169,添敷掂
3170,刑岁帅
3171,滦哦夜
3172,笨莆夜
3173,韵挛磷
3174,蝎晌逃
3175,兢卵诚
3176,唐凳犯
3177,日情滤
3178,绒酵傈
3179,绝见异
3180,睬劝脚
3181,典媒逝
3182,倡筛田
3183,通滤肛
3184,镇琶氢
3185,声黎叼
3186,靡净胰
3187,翔获河
3188,狡撅抱
3189,泽宿禁
3190,缴刊己
3191,校肄犁
3192,犊若挥
3193,就闷匪
3194,议釜轿
3195,焉祥鞘
3196,暑葬癸
3197,垂搅橙
3198,萍几忿
3199,咏儒娜
3200,褐瞎疙
3201,蛰魂碍
3202,废悦爱
3203,昧行报
3204,勋莉础
3205,瘦拨脑
3206,贾枉茂
3207,滑涤措
3208,顺爽获
3209,席光导
3210,声蛛誊
3211,奉区根
3212,沉践才
3213,任饥琉
3214,免雁扦
3215,倘暗名
3216,据怖么
3217,叶循过
3218,木周莱
3219,吕讨镁
3220,殆柴禄
3221,滨拟脸
3222,藕辈筹
3223,饥谢猜
3224,好恶耙
3225,处怪吻
3226,屑才股
3227,诸治碌
3228,旦疮绚
3229,渴屁丫
3230,憎恿男
3231,殴漾袄
3232,截荡瑚
3233,蔑嗓宦
3234,椽碾锅
3235,铰腔儿
3236,展香逼
3237,噶慷增
3238,颖劣汉
3239,辽沾象
3240,禄钉象
3241,乒监参
3242,投抚囤
3243,充脑诗
3244,曰房嘲
3245,杀砍岩
3246,唁昆巩
3247,钦耀嗣
3248,壬符宪
3249,孺踊望
3250,娩驭板
3251,吭广卸
3252,酸捡碧
3253,榆呆吓
3254,墙苇艰
3255,险莉除
3256,屿屹蔷
3257,江扩送
3258,雹饯恨
3259,检钨惊
3260,垢聊赡
3261,赏察疤
3262,菱汲航
3263,栗谩坍
3264,纬窑处
3265,肩郎合
3266,蕴功铰
3267,捶滇珍
3268,艾箱蕊
3269,喻稠勺
3270,孽内春
3271,礁买令
3272,蚂哥非
3273,诈犬初
3274,扯呆幢
3275,擎宛缅
3276,是泥葛
3277,姜纺绵
3278,柜瞧百
3279,酚蚀曰
3280,敌式娇
3281,诡钧睹
3282,遏浓锅
3283,虽聪物
3284,郧歹擒
3285,炭额哼
3286,唆赵笋
3287,贷歉呕
3288,袋坯苍
3289,根篙辜
3290,伤画阎
3291,剧纱雌
3292,赠萄聋
3293,戊甚懊
3294,娇湃峪
3295,控斩牲
3296,实升风
3297,沾沪辑
3298,宿蹬狸
3299,陋校声
3300,估远其
3301,逃枪逻
3302,煮钟瞬
3303,唱属钢
3304,静榴烟
3305,款枕巧
3306,伎退陆
3307,几慷韶
3308,缨霞近
3309,秀虾暂
3310,戴淡诛
3311,狼谣痛
3312,氖阑弄
3313,勋饮稗
3314,惭棘疾
3315,柒频言
3316,另一年
3317,亡映捧
3318,贷溯恿
3319,沦屿趟
3320,堪要希
3321,洼征判
3322,澈瞬食
3323,萧哆怂
3324,豆运疏
3325,奋燕伎
3326,频炉啤
3327,粉冗北
3328,口茅酬
3329,拆圾侣
3330,拓祸芋
3331,后听发
3332,熙凰蜕
3333,价秧涩
3334,秒酞乎
3335,诞柔醇
3336,揖筐抱
3337,掌甲芋
3338,麦垦具
3339,困滴芜
3340,眯引釜
3341,图溅坍
3342,澜镐糟
3343,凄颐雀
3344,队罐嫉
3345,衣抬九
3346,锈证贵
3347,稠歹箩
3348,翼慷茬
3349,姜炕粗
3350,箩孝阶
3351,弘犀坪
3352,些首牟
3353,拓妄姻
3354,奉讯啤
3355,碘七拴
3356,讲靴姜
3357,咱腻犊
3358,心裂藏
3359,均濒瞎
3360,圈乾减
3361,抢浴疵
3362,观半敞
3363,值敏丫
3364,容嘉死
3365,职磕宅
3366,挂屈言
3367,眶肉央
3368,戊叶舷
3369,咸沸差
3370,薛剔锁
3371,棱出饿
3372,日臼非
3373,样诽弊
3374,坑掂植
3375,棉叭袱
3376,凋列赶
3377,碰鸳涡
3378,磷扎卑
3379,润债驴
3380,危掖澈
3381,甫瓤雇
3382,摧俘约
3383,俄千船
3384,杖察烟
3385,颖唁忻
3386,福滤汕
3387,撇脆爹
3388,墓缨统
3389,鸯攻般
3390,唾顽掺
3391,猩冀远
3392,竣确包
3393,腿痈褥
3394,奠斩绥
3395,漆我囤
3396,恩张者
3397,鸯右郑
3398,突毁料
3399,桅湛嫌
3400,桅庸郎
3401,冬钒伟
3402,编剧虹
3403,岁几奴
3404,蕴阴馏
3405,戚南告
3406,携唇太
3407,实峦半
3408,跋沦狼
3409,志汀秒
3410,夹扮乙
3411,辱时耐
3412,绪暴晨
3413,皿堂助
3414,摧忱售
3415,悼羞册
3416,使蓝滦
3417,潮祁勋
3418,晦箍泛
3419,沦辕锣
3420,鸽评私
3421,丽祥顾
3422,寂佃课
3423,绩能糊
3424,香绚阀
3425,拇砧陋
3426,草徐誓
3427,靳回谈
3428,恢汉频
3429,壤罗沏
3430,妄绍碰
3431,丙析瞄
3432,弧刹畏
3433,雄凑锦
3434,棱梢腺
3435,浮黎蜗
3436,腺拎芬
3437,很挞迹
3438,瞥掷韧
3439,福靳和
3440,但裹离
3441,临民会
3442,火苯攘
3443,汕树罩
3444,谍耿懒
3445,报翅蹭
3446,残皑刮
3447,旦彰团
3448,芒抱啮
3449,馒秋睹
3450,巷枢笼
3451,汁案稿
3452,膀蛾澄
3453,拥棘晾
3454,副汁彪
3455,插诛扰
3456,匪杭蛛
3457,尔肤探
3458,俭谎俱
3459,升踞填
3460,硫丈泣
3461,奖诈几
3462,泰国脸
3463,数翱舷
3464,班靶倘
3465,喝咖亏
3466,豢骨权
3467,绅迄渺
3468,槐赞羡
3469,拈拷疽
3470,抿琅跪
3471,撇居露
3472,陇遭经
3473,湘塌幸
3474,弃蚊飘
3475,各撑楷
3476,逛梁础
3477,镍汐幂
3478,货澈亦
3479,校贵刚
3480,赖惕琼
3481,蔓酶龟
3482,系热牵
3483,产帕类
3484,篷琳怀
3485,晴绞凄
3486,证河订
3487,尽渝淑
3488,阀栅泄
3489,腆唾抠
3490,娶窟冀
3491,黄办醇
3492,诽真秃
3493,区溅研
3494,匙哭疾
3495,岳戳诣
3496,拼连彝
3497,从毋长
3498,图玖癸
3499,戚画朽
3500,喧晰漆
3501,椰貉评
3502,惊宛执
3503,拄叭珊
3504,过茄煌
3505,席防葛
3506,吵聚态
3507,茧鳖只
3508,悼等湍
3509,商刘般
3510,低赂坷
3511,憋琶搽
3512,姆吗铬
3513,复敞怨
3514,庶宣脆
3515,罩树登
3516,朗桅邢
3517,棵饥矮
3518,娶镊跃
3519,角死嚷
3520,品黍娄
3521,谩后掷
3522,痴咱锄
3523,匙剪鹃
3524,整陛余
3525,恕新刨
3526,健碘冕
3527,漾劫户
3528,穿障舍
3529,轨曾碘
3530,搏佛稻
3531,声袁肺
3532,哭相达
3533,西桥输
3534,衣碰对
3535,什肘蛊
3536,彭差存
3537,偷诡麦
3538,郁梭官
3539,叼疗旱
3540,骇踞导
3541,妈慢邯
3542,呀蒸润
3543,剪巩敏
3544,使雷露
3545,窥蜒涵
3546,胸排膛
3547,蓬尘鹊
3548,之扣梳
3549,驯惫赎
3550,又绅慨
3551,迭况桔
3552,袜剖仙
3553,恋风钝
3554,剪油郴
3555,江奉鹅
3556,盾韧禁
3557,释曹骤
3558,殿陵永
3559,构鸣吠
3560,批霉觅
3561,涅评戊
3562,颖瓣砒
3563,发弟忘
3564,舆风亏
3565,苞变绢
3566,盘矣摆
3567,忽嗡砂
3568,蛊溶胚
3569,徒尼萌
3570,汲抿靴
3571,军狮骄
3572,惫浮墅
3573,知坛灾
3574,印柱举
3575,裙帝宫
3576,恰偶缆
3577,熏剖救
3578,针趣幂
3579,附琳啪
3580,欠创续
3581,苦校彪
3582,檄夷垃
3583,烦边说
3584,川挡瘤
3585,翟从爷
3586,芝酋郴
3587,织鹿联
3588,夸佬碌
3589,畜部个
3590,找谗诽
3591,内哥槐
3592,编惦懒
3593,乎努肄
3594,腰僳逻
3595,村醋舅
3596,茬拆牢
3597,蛮址微
3598,慷倾眉
3599,锈徊柜
3600,戊酗镜
3601,驰炒铅
3602,岿鹿拆
3603,戌汝销
3604,球瘪轰
3605,毯挣酬
3606,夸象畴
3607,晃错蝗
3608,芜风妇
3609,烂礼拯
3610,蝶刁管
3611,舅佣报
3612,拆剂吊
3613,狭屑卢
3614,妈乾鳞
3615,菠固坚
3616,啸闲蜕
3617,甸唇伍
3618,凛踏蝗
3619,雄凝手
3620,戳疥鲁
3621,投疏事
3622,乌彻敞
3623,匈很床
3624,苗茂惋
3625,锅受霸
3626,抚释般
3627,秃寝棚
3628,烂涛赞
3629,戳跳环
3630,仪甜遏
3631,忧溜蛆
3632,爹庞贡
3633,釉漳肄
3634,粕慑娩
3635,簧娟泥
3636,铱供宿
3637,灿儡诬
3638,呵搽熟
3639,趋涡先
3640,科睬迫
3641,堪戚扳
3642,签沙稼
3643,视征找
3644,鸟蹭杆
3645,译蒋箔
3646,引努剑
3647,凸哮蜡
3648,瓣荫涌
3649,范殊冉
3650,匆淳回
3651,寒伍耽
3652,唇秉寞
3653,趾闽役
3654,仁乔铣
3655,涪侄离
3656,劫减瘦
3657,捂忿柴
3658,腆举蛀
3659,材卞武
3660,江儡枷
3661,犁癣尚
3662,窍窥唁
3663,薪称顺
3664,匪橇愚
3665,勇绩和
3666,祟贪伤
3667,樊按鳖
3668,限翻每
3669,糠扬健
3670,匹蹲魂
3671,骏斟戍
3672,诡磁镍
3673,鹊坏少
3674,古较珐
3675,旅刽睡
3676,疡畜孕
3677,乎轨蛊
3678,室召护
3679,仪近渔
3680,囊枉司
3681,絮旅咋
3682,剐吹迈
3683,憋膛参
3684,静蓟瘁
3685,刁饲笛
3686,羽鼻早
3687,语新荒
3688,煤因拉
3689,北淋砍
3690,徊壤棠
3691,诺死驾
3692,促谤靠
3693,墙绥蚂
3694,焦苟嫌
3695,髓睫武
3696,朵鄙赌
3697,域瑰潜
3698,柜宇由
3699,灰碍慧
3700,学四敷
3701,旋膊菊
3702,捅货笋
3703,蔽醚灭
3704,庭隔策
3705,成锌嚎
3706,柿泞阅
3707,煮荣岂
3708,逢价瞥
3709,帮滚躬
3710,闯儒饯
3711,钧寅账
3712,喻幂是
3713,舆姻殊
3714,纱医愧
3715,倦托援
3716,匹芝蕉
3717,议灿展
3718,凑个斧
3719,屠辖狭
3720,报偏两
3721,未景详
3722,魄漏烟
3723,酞搂骗
3724,丑近棚
3725,震划莱
3726,颜掠梅
3727,蹲慌锗
3728,翁抛可
3729,韵熔董
3730,述孔钠
3731,容寺宪
3732,她迹崎
3733,铸拐菲
3734,戎批履
3735,海惦沼
3736,咒襄则
3737,瑞齿递
3738,匠否详
3739,鞘予躯
3740,拯窟科
3741,碎锁望
3742,演袍饮
3743,呕哨笨
3744,逝君灾
3745,凋夕痉
3746,荔譬笆
3747,泞鲁发
3748,摄歧贱
3749,喉璃佩
3750,漳泳拖
3751,讣社鼓
3752,葛敬横
3753,诲伊碉
3754,跨涉挨
3755,蓑燕营
3756,率蝉侠
3757,抽破殷
3758,飞颅霹
3759,忙跋凰
3760,严赵石
3761,姥谗夜
3762,反寝殿
3763,狙铸沸
3764,媳于时
3765,瞎小样
3766,耍瓶荤
3767,砾蝶盆
3768,蔚殖曾
3769,泻淀裕
3770,焙帅吻
3771,撕焙身
3772,殊袍异
3773,谩霖阉
3774,膳爽个
3775,吐青骤
3776,姚番梳
3777,揖奶抖
3778,拳曾皿
3779,帮劳知
3780,蛆臻让
3781,腰隆种
3782,搁行穿
3783,通膏腆
3784,渔翘赢
3785,扫燃凶
3786,哇湿喧
3787,木芝桥
3788,市依纯
3789,恭型济
3790,杀淬汀
3791,橇舰狠
3792,架桨找
3793,替晌蜀
3794,嘿陆贪
3795,粕棍马
3796,醇竟翰
3797,明诌踊
3798,广反堑
3799,退潭们
3800,颐嫩挣
3801,森酉龄
3802,脉琳伸
3803,陵徘饼
3804,兆冷奸
3805,窗各应
3806,姬领臆
3807,觉坪种
3808,橡废过
3809,默獭粱
3810,震够墒
3811,蝗锅孙
3812,室赠戈
3813,容辊舰
3814,搞测裹
3815,既豹谴
3816,蛹象邱
3817,舆契烘
3818,牢应畦
3819,落鞘院
3820,禽年钾
3821,俺盅牙
3822,闲纠沼
3823,疽休茫
3824,英恳虱
3825,谗歉妙
3826,眷吻束
3827,平蛇溅
3828,杠拉哗
3829,异跑拔
3830,冻挞漾
3831,俘戎医
3832,罗里呐
3833,识败哉
3834,抢跑丸
3835,阿键畔
3836,倔窄嚎
3837,鸦癸胎
3838,扮督玲
3839,杉叶疾
3840,契示况
3841,浚靳新
3842,鲸吉矢
3843,香华具
3844,树汹鹤
3845,酝嚣痉
3846,积端孤
3847,谱茵新
3848,遮浩研
3849,护兼畦
3850,芽几佳
3851,筹惩迷
3852,泌汽佩
3853,虏秀熏
3854,拴郎罗
3855,恐收酮
3856,痉披滤
3857,簇园耗
3858,捎顾描
3859,妻允霄
3860,能拜檄
3861,李英茸
3862,年盖辊
3863,柳反舔
3864,帕儒酗
3865,捏代猜
3866,询涵连
3867,衙陷侯
3868,掺旦进
3869,搓枫涧
3870,份箱猜
3871,虽诚官
3872,澈胳栖
3873,坍巷缚
3874,腮完佳
3875,个脱陈
3876,责借腕
3877,栽蚜英
3878,钉剂膜
3879,捷喳眼
3880,源找疗
3881,唾蒙来
3882,崔僳蹲
3883,诫卤任
3884,志涌独
3885,跋烁酥
3886,氮街悬
3887,胆燎毙
3888,掠吝糠
3889,腊戚柒
3890,盟证拐
3891,媚雨墓
3892,屿酶鄙
3893,饶砷悉
3894,痛剁卫
3895,澈洱法
3896,设闪播
3897,率询史
3898,勒愁代
3899,新强竣
3900,耻拟烩
3901,待檄忌
3902,谴护免
3903,我人念
3904,遥完厘
3905,阵爹婚
3906,桨抨刨
3907,灰切七
3908,憨尼喳
3909,削卸校
3910,烦光爬
3911,迂嗜磅
3912,渺汀镶
3913,雪签怨
3914,锹捌轴
3915,硼毕坦
3916,埋暖碧
3917,性绍葬
3918,长吐由
3919,的怒鼻
3920,腥徒泳
3921,硅携驾
3922,灵披毡
3923,疡氢认
3924,涵吓蕾
3925,溜免罚
3926,柑嫌塞
3927,澡鹿讨
3928,鹏减乒
3929,凋跃鼠
3930,斯卑讣
3931,诬患绞
3932,噶渔柜
3933,价盎丽
3934,灰裴厨
3935,勘底郎
3936,馋矿攘
3937,嗅吃耘
3938,鹏魏咏
3939,鼻吧洱
3940,歧纫藐
3941,初卉目
3942,瓜频膏
3943,牡充铆
3944,培战佬
3945,栈误撵
3946,顽坡肘
3947,渊毁固
3948,野按卡
3949,滞买假
3950,褂凯蓝
3951,蓄酪要
3952,掌概疾
3953,阳蝉伙
3954,讲甥核
3955,颓邑模
3956,窥恿桶
3957,挽铡脂
3958,镣末死
3959,痪吾匿
3960,彩劳宇
3961,袍烯衙
3962,瘪参徘
3963,挤懈谎
3964,沏贵萝
3965,操页桃
3966,常抗队
3967,浆融取
3968,长疹讶
3969,铲摊汛
3970,论讳烩
3971,将陋唐
3972,倪桑锣
3973,踩挑召
3974,研淀气
3975,聋艇技
3976,三身刘
3977,按调克
3978,赢黑犁
3979,轰罩硫
3980,鸣侣丸
3981,虏蒂针
3982,职咎膜
3983,路幌篱
3984,敦柠冈
3985,搞柏销
3986,闪舵蒙
3987,迟课吟
3988,叔尉检
3989,呐而丑
3990,迭燥冯
3991,等岭虱
3992,望城缄
3993,阀褐骑
3994,檄盅提
3995,画获李
3996,审和壬
3997,菇闯炬
3998,墩耶存
3999,剂慷演
4000,拆欧躯
4001,憾浴酒
4002,眩帕嫡
4003,谷煎夏
4004,竖旧舒
4005,商远恰
4006,熔囱市
4007,诌妇观
4008,鬼咆筋
4009,侦衅赔
4010,署切骑
4011,篮垢膊
4012,猪镑养
4013,史蕴扩
4014,胀褂辞
4015,展赃助
4016,四硝随
4017,存惕携
4018,暇混捻
4019,榆炊缮
4020,颊姬馁
4021,掀蒜谁
4022,顿乐稽
4023,壁闲蔓
4024,励淫恤
4025,督贬宦
4026,病剖叫
4027,鄙芽劣
4028,椰弃哟
4029,侗坏拱
4030,上窃囱
4031,栖焰账
4032,铀唬讹
4033,首创浑
4034,钝丧匣
4035,绢萝许
4036,柑吾厢
4037,江辕辉
4038,蹋岛绩
4039,查搽柬
4040,渤俊忆
4041,碘紧谤
4042,私猾剑
4043,菩崎截
4044,迪舒覆
4045,奥各渣
4046,彤棚肮
4047,喜磨捐
4048,棍顽罩
4049,礼捂兢
4050,载维费
4051,穴螟洲
4052,腆置算
4053,柑挑谚
4054,藕媒漾
4055,氯饺产
4056,屋逝帖
4057,痒北哥
4058,寿匀蘑
4059,叛桶沮
4060,纽从伊
4061,硬厄锦
4062,臀阉恨
4063,种柿久
4064,辅来苞
4065,沫靳禹
4066,扼害罩
4067,锅铺睫
4068,淫添查
4069,囤胆嫁
4070,盈唬沧
4071,剪革菠
4072,毛刷淌
4073,猾捍筛
4074,粱窥栽
4075,塑捌轮
4076,鸯亦堆
4077,辟媳搓
4078,晾沥沮
4079,阂堕篇
4080,劲箍晒
4081,腺址钢
4082,畅辉胳
4083,盯趣庚
4084,旺入外
4085,滑许徽
4086,低砾夹
4087,耘汝匿
4088,展膜膜
4089,央梭亦
4090,僚氯牲
4091,蚂煽烤
4092,顿财朵
4093,封狂削
4094,缎化殖
4095,怯晃绚
4096,称躇惕
4097,膳泥汉
4098,厄挨徐
4099,销陛哲
4100,掠舟昧
4101,垣况契
4102,蕴奥制
4103,纤懦贼
4104,奔又体
4105,辙俯炒
4106,签后码
4107,敲睹夫
4108,楼惺杖
4109,厌雄熙
4110,芦狂沤
4111,葬瞳轿
4112,侮趾外
4113,列钝硼
4114,驯勃心
4115,壕裤酚
4116,兴帘肉
4117,锑行锣
4118,削屉腻
4119,边倔烙
4120,裹巫尘
4121,溢涵枚
4122,净改惊
4123,砧腔哗
4124,托倦侥
4125,矗踢山
4126,畜痪批
4127,脯耿猴
4128,堂台邦
4129,聚凑雇
4130,抽久毫
4131,灸叮戳
4132,梁谊禄
4133,龚电遇
4134,宦或塞
4135,苯翠禽
4136,缄要赞
4137,跺汉与
4138,蹋语樱
4139,沪舒羞
4140,龋柏朵
4141,遣均杏
4142,侩幕烛
4143,耪贤竹
4144,啥旋绎
4145,挑斜删
4146,肉糖魏
4147,瞄砷讣
4148,娶得辅
4149,音岁嚏
4150,捂慧媳
4151,碱唱惩
4152,杂斜吱
4153,办形母
4154,哼相荡
4155,篷卿炼
4156,乱虞肺
4157,椭芭输
4158,齐豆理
4159,柠贫保
4160,股鹰蜜
4161,皇癸硝
4162,孙阔顷
4163,漏臂尖
4164,絮讥轰
4165,臻细铝
4166,汁氛冉
4167,鸡岩兜
4168,股钨敞
4169,裹拴稀
4170,漏诈阎
4171,钎茨郝
4172,热语鸥
4173,械寥只
4174,栋盔芬
4175,吴性遮
4176,嫉昌镭
4177,奸末川
4178,蚂槽痒
4179,秉喉图
4180,舶抢蜂
4181,肮品揖
4182,啸项叙
4183,帚海腿
4184,称肮判
4185,歌延博
4186,祭师陋
4187,霍息慕
4188,实剩晦
4189,拟腾渺
4190,命扁媒
4191,海彦担
4192,煤钠考
4193,伦颖户
4194,丘液苗
4195,乔窒即
4196,绒稼西
4197,梆努胁
4198,厌傍佳
4199,唉偶囱
4200,形勤谤
4201,夷室姐
4202,销篇谷
4203,麻俊蕾
4204,愤整出
4205,擅控苏
4206,虹嘱览
4207,瘫亩望
4208,箔媚惧
4209,闲朴招
4210,灯冬枯
4211,番迭匪
4212,督霉葱
4213,愈邵厢
4214,署褐年
4215,犊凿犊
4216,去颠尝
4217,抑舅星
4218,洲安瓤
4219,毅坝蚌
4220,贮汰稠
4221,镇异坛
4222,赢扰迈
4223,揣亡受
4224,臂曰降
4225,舔隅厉
4226,拳聪拌
4227,奠伟辨
4228,制犁踢
4229,淫擂凤
4230,公韦弹
4231,吴乃由
4232,地韩欲
4233,啦孩漳
4234,矽案灵
4235,但厦懦
4236,订哦忱
4237,烧垄放
4238,劫扼莹
4239,舵朋椿
4240,窖壤窝
4241,癣施死
4242,漾甩肯
4243,赣晚交
4244,芯头借
4245,填轴歉
4246,搓僻嫡
4247,校酿遇
4248,股女搽
4249,范惫惫
4250,及尖诊
4251,鼓憾佣
4252,育疲挑
4253,址穴钳
4254,蛇辗玖
4255,脯饵否
4256,欢无熊
4257,伺园搏
4258,泌嗡敝
4259,费蝶漳
4260,俯馋鲸
4261,娃夺拇
4262,核吼拨
4263,暗票羊
4264,票刻有
4265,浆腥奖
4266,居歹命
4267,竖跺绦
4268,捧攫獭
4269,漆酱强
4270,街风蟹
4271,炙峙睁
4272,皱钧攻
4273,陵拂影
4274,疡诱烘
4275,垣劣残
4276,咙梯批
4277,顷讳咀
4278,逾即透
4279,裸教褪
4280,主油倦
4281,岭旦唁
4282,喝建影
4283,彼氏笛
4284,峪涡花
4285,螟测壶
4286,畅体但
4287,吮圭维
4288,杀甜晨
4289,矫成兰
4290,白门屋
4291,朴相潮
4292,腻斧颈
4293,猜笆拴
4294,剂闯挠
4295,歼疫逸
4296,蛹柠妈
4297,睦唱底
4298,赤宫壶
4299,艺舅世
4300,妊拥俏
4301,浪隔麦
4302,各趾谢
4303,贤谜碳
4304,家仆滥
4305,陡耿勾
4306,栈镐茬
4307,冷镁喀
4308,付桂且
4309,遂豹跪
4310,毕霉稿
4311,善龚卜
4312,荧探暮
4313,缝饰仑
4314,根鸿白
4315,颂坑俏
4316,鼻喜地
4317,拉痹疲
4318,康纱索
4319,喜要布
4320,义锋槛
4321,限贫啤
4322,城淑著
4323,船者其
4324,靳迄汛
4325,粟蔼饵
4326,靳禄刻
4327,贺奸藉
4328,移援坎
4329,奉裴凝
4330,违炬蔼
4331,京若涣
4332,聚喻芒
4333,信捅搁
4334,路烫定
4335,怖罕额
4336,吼榴泼
4337,暮悦愁
4338,区幅售
4339,廓桅骆
4340,呼臂毁
4341,累卢讣
4342,皇信满
4343,迂沪斗
4344,才砧啦
4345,洽梅止
4346,耙疟日
4347,刘想慨
4348,抱脸亢
4349,傅上莹
4350,橡羌蹭
4351,蓝尺姐
4352,肝迂愧
4353,壁死诡
4354,瞎忙蒙
4355,汀王蚤
4356,埔兢七
4357,局俭歧
4358,贺腻简
4359,需拘嘎
4360,疑阑荔
4361,滚劫矛
4362,更拼瞄
4363,囱无会
4364,搐日啼
4365,医篇此
4366,鳖航涛
4367,甫鹤掇
4368,吃乒绍
4369,您贾格
4370,愉敦梯
4371,苇号荤
4372,宙敏彪
4373,辞法汽
4374,栈硫纱
4375,厕锻玩
4376,胺棺掖
4377,鱼投抗
4378,络溉哮
4379,痒拣素
4380,脯踞绑
4381,寓惫哄
4382,知舍骆
4383,淋氦级
4384,地搂贩
4385,薄毙桶
4386,拢痪品
4387,虱瘴丁
4388,冤贫旧
4389,死氧姨
4390,返附怎
4391,顿潮劣
4392,货雍砾
4393,彰壤属
4394,费屿绚
4395,镇褒蝶
4396,罢棉拇
4397,勋谎肃
4398,洗躇浮
4399,陇燥蕉
4400,汞沫禁
4401,摈节可
4402,当类辞
4403,拼颧耻
4404,阔利普
4405,猾灌灸
4406,读宰号
4407,蔗顿蹲
4408,匠速掖
4409,滔蓟堕
4410,幸胎胡
4411,结魏工
4412,呕虚诈
4413,皂色联
4414,赃闸肩
4415,签象悲
4416,笔表订
4417,越寐锡
4418,狄秧院
4419,默茅官
4420,丑给洲
4421,吭席采
4422,恐取妄
4423,斧即楷
4424,漏刁俩
4425,蔽剪底
4426,秉霉泥
4427,冕绩次
4428,茂岳队
4429,父予贷
4430,充饶蝉
4431,疟彰平
4432,豢旭跌
4433,尺徐铣
4434,肺挟勘
4435,估仅韦
4436,帆势琐
4437,膛杂蕉
4438,攒育填
4439,称轻鳞
4440,牢静伟
4441,锄辖缮
4442,刷活晾
4443,挣态蒜
4444,娘犊领
4445,殊闹触
4446,蹭茨耽
4447,枷寿庭
4448,明厘集
4449,驴矾寥
4450,汐伤陛
4451,依颐溺
4452,困蔡同
4453,陶桔浆
4454,岗泼世
4455,忆痘腿
4456,勒树晨
4457,培苗磋
4458,莫亨煌
4459,锻宾任
4460,振哎杂
4461,捻赢酉
4462,滔悯汕
4463,眩娶塑
4464,蚁勇麦
4465,证眨秋
4466,佃磷芹
4467,啪金甚
4468,搁障冗
4469,兔摩不
4470,吕凛絮
4471,喷促椽
4472,冒尹披
4473,僳蓖训
4474,履邑垄
4475,罐噪翠
4476,般疑昂
4477,浚蓑痉
4478,妈顿檄
4479,脓央椽
4480,矢伊晰
4481,返敝唐
4482,耕栏刻
4483,膏圭泉
4484,雌病旧
4485,孪田辨
4486,雷磷功
4487,踊尺磷
4488,涡羌勤
4489,玉绞顿
4490,寸七计
4491,吁氢慌
4492,车氯者
4493,仙亦舵
4494,敷穴救
4495,荫棺磐
4496,钓奠巴
4497,模质挤
4498,饭焕纺
4499,蔫裸悬
4500,浑比官
4501,盏衍葱
4502,雾位惑
4503,哆尹三
4504,靶噶洋
4505,灶俊听
4506,呼铬姓
4507,捆叫促
4508,高泳脏
4509,沂终项
4510,掷零蔓
4511,群堡并
4512,戒挎酸
4513,斗么郊
4514,墙埠酗
4515,卿呕燕
4516,暮赌束
4517,倚痰巳
4518,耸停半
4519,揽靡窜
4520,灌即撤
4521,揉雕迭
4522,听馅窝
4523,拳士祸
4524,粒秃伍
4525,军茎磁
4526,悸铅疹
4527,僻罕贝
4528,悼侩介
4529,占掀途
4530,烽扣欧
4531,舟哭雄
4532,竟洞获
4533,娥膳贷
4534,升咳灵
4535,耽捅撬
4536,闺锡霹
4537,烦美游
4538,朵举各
4539,卜丙查
4540,贞鄙麻
4541,跪肤芬
4542,汰刮索
4543,量瘁杆
4544,唱刀俄
4545,粥暮毕
4546,蚊快跳
4547,乍奄这
4548,霜硼颐
4549,港模孵
4550,渤濒挟
4551,何廷羔
4552,杯疗帅
4553,脑量夷
4554,盎隔藕
4555,看盂病
4556,提浇键
4557,晤恐呕
4558,吭弦串
4559,碌沿群
4560,霉彬电
4561,肃磐赤
4562,源驳烟
4563,捅铱胸
4564,落材废
4565,动酚磋
4566,度履叛
4567,勃挡省
4568,论头刃
4569,迸闹班
4570,赦攫徽
4571,贮佣刁
4572,拣蔽爹
4573,侦邓枯
4574,师唯篇
4575,架酬僵
4576,愁版许
4577,亿县杉
4578,塑坦秀
4579,蒲寂耕
4580,抽瘦熊
4581,扭胃诗
4582,董澄币
4583,书孤格
4584,壕颖爷
4585,希洽坝
4586,估浦创
4587,惟挪痘
4588,舵揪曼
4589,缔淳乳
4590,葡舰恤
4591,疽宵数
4592,卧条鲍
4593,剩申蓉
4594,沉玛纠
4595,辣蚜絮
4596,争菏麻
4597,剩艘抬
4598,靖粒发
4599,贾翱誓
4600,潞林断
4601,粒锤郑
4602,戴脸诣
4603,禁劫劈
4604,榷郝芜
4605,浇肿塞
4606,纸藩僻
4607,噬表厕
4608,买乒耐
4609,楞狙夺
4610,乐描共
4611,蠢逊畸
4612,赁存妒
4613,幅闪意
4614,兑动饶
4615,眠瘸佯
4616,勾棠膊
4617,镑互谤
4618,呢戴翱
4619,载乱漓
4620,吕勇珊
4621,小妮拄
4622,十庶挖
4623,尧赞挣
4624,穿脓激
4625,厌汰尧
4626,两屋室
4627,淖否频
4628,绒鹰避
4629,席狗屈
4630,级椭叹
4631,逐悄模
4632,泊贷癌
4633,攻溢戴
4634,伍纽痕
4635,藩恍谍
4636,紧持副
4637,睛骂缩
4638,抱室矩
4639,论登腾
4640,敦滤猫
4641,稻鲤费
4642,卫蜡直
4643,觅贾雇
4644,寅了氧
4645,猫爵侠
4646,检黎历
4647,盂野齿
4648,贩碉月
4649,悠该邢
4650,袖佬战
4651,寐瓜那
4652,辕豫舱
4653,逸诈程
4654,敏蝴塘
4655,室馆摊
4656,鼎呼滚
4657,肇囱锚
4658,绝慧皱
4659,铜迪洽
4660,橡慧借
4661,筹瞻列
4662,拜馁疮
4663,禾助沮
4664,凶琵习
4665,杜攫与
4666,旁呈搔
4667,鹰卿共
4668,尼斯徐
4669,亲凑逢
4670,更落悼
4671,呵僵账
4672,氖臆槐
4673,辱捌猪
4674,雪挺较
4675,匠七究
4676,独吞玉
4677,钾苗乔
4678,吃纫侯
4679,姥读摄
4680,编顷轰
4681,赃赠悠
4682,谚败人
4683,途寥被
4684,把鼻凿
4685,闭谣拂
4686,毅柿甸
4687,技壤牌
4688,续帖浦
4689,琳掸彬
4690,盯碱抉
4691,役秘迭
4692,铲圈浅
4693,劲汉杨
4694,扎沏动
4695,荐瞪策
4696,豪蹬脚
4697,枕桶纯
4698,蒜旱豢
4699,庞污潍
4700,多肢翰
4701,棋汝秩
4702,运豺喧
4703,纽途耻
4704,睹呢援
4705,丁供氮
4706,刘烽蝉
4707,写瘁槽
4708,山瘁口
4709,耸若饰
4710,滴包缎
4711,薛郊逐
4712,咯木抚
4713,敌员剩
4714,碉贝用
4715,洼窘悔
4716,婶阐凌
4717,束援诣
4718,纽踊槐
4719,隋悄源
4720,肘彰蔼
4721,殃拯够
4722,憋饶盂
4723,钳酚传
4724,茫代遣
4725,骑嗓涝
4726,监肾匹
4727,傲主恰
4728,颈俏唯
4729,巫乖看
4730,夜练汽
4731,艇型糜
4732,辣比原
4733,疼报沈
4734,党岩腑
4735,艳因贩
4736,诌账酬
4737,倒乾戌
4738,去酋橇
4739,弄潦娶
4740,藤录乎
4741,贮蔽玲
4742,残醒吭
4743,大棚谬
4744,寅株篮
4745,轰典扦
4746,至兼筷
4747,柿囚冒
4748,雾响寒
4749,隋焰檄
4750,并耕骏
4751,寻贪障
4752,匀训议
4753,胸问梢
4754,无耐阁
4755,患葛亡
4756,索颤澄
4757,糜怪撩
4758,咽铬造
4759,靖赋信
4760,佬猾赢
4761,昔华龟
4762,囚厉喧
4763,虎赂筋
4764,命蛛人
4765,钩诵液
4766,语潮歌
4767,支戒寒
4768,汰释傣
4769,埠翻叼
4770,蕊枫萝
4771,罢蛮忧
4772,醒职屎
4773,寂密咸
4774,司几妨
4775,肖候修
4776,眷态驾
4777,臻无瓤
4778,案矢池
4779,被韵辐
4780,擅东嫉
4781,纠别穗
4782,价抖惑
4783,拨刽赎
4784,萧慌屑
4785,铃莱育
4786,断歧勘
4787,仰馈屁
4788,既暮番
4789,苯缸试
4790,蒂这嘱
4791,抖谣诀
4792,楞垒婚
4793,劣塘猪
4794,辜贫摆
4795,厕傻紧
4796,恶绥秉
4797,漂剃矮
4798,决殷穷
4799,驹狗援
4800,逊搔依
4801,扔牧局
4802,幌棺卉
4803,匠疑糖
4804,陆疗预
4805,蛊鳞赃
4806,蘑毯弥
4807,蛊贵塞
4808,缨啸酣
4809,痈奥郧
4810,竹芝斯
4811,论胸视
4812,谓获伏
4813,曹结锦
4814,弓囊侮
4815,和尿凝
4816,粒属贯
4817,骨浦妻
4818,胯哪螺
4819,铂渴吩
4820,遥烯束
4821,船挠缉
4822,属倒毛
4823,禽袄蔓
4824,躇粒铰
4825,抉啦执
4826,凌疼琼
4827,航馋砂
4828,欣寄腻
4829,入颓仕
4830,赌办抉
4831,蛊逞机
4832,惠废涸
4833,赐龟汝
4834,拂本框
4835,备授正
4836,陪牌辱
4837,小舜铂
4838,打就记
4839,侮孙检
4840,损朋给
4841,寞糕哀
4842,佃蹲阵
4843,脐你翻
4844,挣呢焉
4845,琅据丈
4846,闽温曾
4847,羡侣尝
4848,悼遗塑
4849,澡麓彦
4850,骡汀与
4851,裴寨猎
4852,队弥蠢
4853,碴尼翘
4854,鄙劲洞
4855,省公敏
4856,叮朵兆
4857,捅弹刑
4858,喳红怂
4859,宠矢湾
4860,雀盂掠
4861,甫荣叼
4862,裂姬亭
4863,抗患甲
4864,陌群毋
4865,增索虹
4866,绥离急
4867,忌僳锋
4868,窄粱墟
4869,怨贵旧
4870,橙聪莲
4871,抽蛹僚
4872,秩渣梭
4873,狐惋杭
4874,系霉钒
4875,簧悼滴
4876,露尧撇
4877,蒸鳃韵
4878,晴世你
4879,萎著氦
4880,挥撮梁
4881,遍桓琴
4882,檄娃棍
4883,铰惯骂
4884,冉磕替
4885,赵币瞎
4886,柏试烘
4887,鲁空椰
4888,胆铅儡
4889,枣僻羡
4890,偷弟观
4891,简勺搪
4892,碉灸哎
4893,氧抠藉
4894,竭为蛛
4895,肾失碳
4896,桔隆使
4897,披嵌渗
4898,犊马趴
4899,璃堕盒
4900,姐甚盯
4901,肢燕骑
4902,蛙备婴
4903,钠贡鳃
4904,抒堑棒
4905,舀侍尘
4906,戎均慌
4907,嫉决凰
4908,栋释梗
4909,粥尉建
4910,愿瞬耳
4911,监牵疙
4912,皋晚砰
4913,切狰再
4914,绚氧旺
4915,巴讫展
4916,钥碗钨
4917,吃痔十
4918,仿呈堆
4919,恩惧弧
4920,公磋耗
4921,浅叫络
4922,时登诺
4923,缝癸稍
4924,螺惮举
4925,点酸永
4926,沤歉亩
4927,蛇每贾
4928,瞩玖炼
4929,越剁亥
4930,若陪道
4931,备寅宣
4932,雄危翅
4933,驴蜀嘻
4934,函乱浑
4935,棍榜醚
4936,嚏盛掷
4937,犯颈鸟
4938,扯仓东
4939,墅棘工
4940,文坏标
4941,能帧材
4942,臣敦擂
4943,食接泰
4944,杯守目
4945,扁奥篱
4946,介兄掩
4947,袖筋捞
4948,杆铺臀
4949,诚痊挑
4950,栏藏雍
4951,窘淀咏
4952,戎惺蛹
4953,剑筷密
4954,渝奋偏
4955,魔籍储
4956,袋阜丽
4957,禄辅置
4958,累硒屠
4959,筏干晃
4960,睛奥带
4961,皑虱煞
4962,阴弱蜂
4963,净阂日
4964,锋浅笺
4965,侍瞳嫉
4966,沫编驰
4967,陛这褒
4968,消愈叼
4969,锤趟择
4970,嘘职姨
4971,嗡沦永
4972,彰久属
4973,俞君喷
4974,蒲因夏
4975,堑碟茅
4976,漾钎缸
4977,痹链署
4978,操侥远
4979,皮烙惠
4980,诀践嘎
4981,拭鹿仇
4982,霞丽黑
4983,剂欺膝
4984,降绣值
4985,对赡急
4986,提仿塘
4987,入淮唤
4988,肝居瞧
4989,登捌格
4990,海磋缴
4991,城农浩
4992,榨衔循
4993,攫评粗
4994,蓖易途
4995,术扭掺
4996,软艺磐
4997,涂磊翟
4998,釉札臭
4999,链来凡
5000,橙耗胸
5001,售货扰
5002,叭绒赏
5003,昆闲创
5004,榜琉号
5005,帚槐姑
5006,矗舷新
5007,悍铱庚
5008,为昼挨
5009,闭事帖
5010,酷怔惠
5011,吁谐拓
5012,苔冀账
5013,限保拎
5014,董浪交
5015,俯唤植
5016,橱挽逗
5017,肋戊亭
5018,酿闽尹
5019,疲沥猴
5020,祷孟灶
5021,晌柿啪
5022,谍裸湾
5023,郊持润
5024,仇孟汕
5025,锤下感
5026,匪逝诌
5027,漏户修
5028,荷韶外
5029,瞒碉凹
5030,弱央坎
5031,巷悍臀
5032,悼示益
5033,药哩含
5034,咎凡彬
5035,录瑞咀
5036,重琶享
5037,僵拆焙
5038,尧颜双
5039,僧坡洽
5040,壶殖瞳
5041,举栗喘
5042,您菌郎
5043,赠揭瞥
5044,锄绘酗
5045,纳癸留
5046,栓弧候
5047,烷掌尚
5048,槛功釉
5049,跃酪愉
5050,梨怠凳
5051,聂壬勺
5052,恍琉捍
5053,兜啊架
5054,授慧高
5055,谨决煞
5056,亥磨驯
5057,亨科合
5058,洞壶访
5059,既泡冀
5060,蛰拷待
5061,镭豫螟
5062,移鼓明
5063,驱瘟惊
5064,巍吵众
5065,宪憾萝
5066,你脐蔚
5067,眶尾颁
5068,汪荤铬
5069,村侦氢
5070,霍跟省
5071,贼议郝
5072,欠斤甭
5073,甲洁聚
5074,伙侯荡
5075,芝趁缆
5076,峙章藏
5077,怨蝉砍
5078,垛寒锌
5079,唐连硫
5080,窖祟海
5081,喜圾释
5082,跺篡铡
5083,叔胀圾
5084,燕阶拒
5085,砂唾淋
5086,洞意滩
5087,纸她鼓
5088,钧趴风
5089,吧竭霍
5090,氦娶肠
5091,交飞抗
5092,拘辖庞
5093,绍摧肚
5094,蝉盲私
5095,萝唇敢
5096,酗房林
5097,试陈侧
5098,痒诧末
5099,霄粗泡
5100,迁否抬
5101,篙揽颗
5102,币度躬
5103,莆稗孕
5104,皑绚味
5105,琴糯厚
5106,赣泣棵
5107,库幌梦
5108,顽禁磺
5109,劫饭木
5110,拥拄迅
5111,姓慎保
5112,概临例
5113,董狡泳
5114,捂托恫
5115,延中掀
5116,缎枉岭
5117,疚劝隋
5118,瞄频矿
5119,礁摇什
5120,纫玉拟
5121,琵翘呆
5122,喳沃病
5123,抿戮娄
5124,侯苗首
5125,啃剁囚
5126,从呢农
5127,桔忿挟
5128,黍千肺
5129,术任寺
5130,罗挨方
5131,斧歼援
5132,拱诱髓
5133,留臂皑
5134,躁比侦
5135,得预抱
5136,众阵扦
5137,端雏悦
5138,呕小黔
5139,眺迟枣
5140,朔烘涟
5141,眶话啸
5142,腾第减
5143,宴蹦秋
5144,员絮卤
5145,班衡熄
5146,人碘种
5147,新絮恢
5148,时武撬
5149,患钟募
5150,询逢簇
5151,阶坝角
5152,且琅桃
5153,冷捅部
5154,琼蓟叭
5155,箭古史
5156,患路荚
5157,嫂西恨
5158,影涡付
5159,禾氏焰
5160,不漓渐
5161,蹄介劫
5162,锡榜赡
5163,踏香坡
5164,良擎许
5165,恬叙惦
5166,宵铁敷
5167,扁缕潘
5168,磺林暗
5169,寅庸绒
5170,堪敞荧
5171,粤敷笆
5172,薄戳剖
5173,伤忍绪
5174,悼搀烙
5175,诌怨蝴
5176,长堂疫
5177,至愈里
5178,豁包缩
5179,柑杜证
5180,摊症评
5181,恬摘京
5182,羡沈授
5183,介啥镇
5184,鲜谨够
5185,溜豁咖
5186,玩恫估
5187,泄涣会
5188,哮坛沛
5189,谩石耳
5190,牟拧铣
5191,固先侨
5192,碉舍澄
5193,钧了侧
5194,香寂福
5195,窒轰沥
5196,蛮扔嵌
5197,滨丢研
5198,蛰琼薛
5199,柔毯衬
5200,绿瞧鸥
5201,尉玲须
5202,垣菲糊
5203,淀尿沿
5204,华诣马
5205,悬阁墙
5206,兽定恃
5207,娥擒刑
5208,芭胆刁
5209,袒并蔽
5210,泰雅年
5211,撼声陛
5212,柜菇唤
5213,薪锐交
5214,季颓动
5215,攫黑舰
5216,诊确蓟
5217,贱墓尿
5218,涡婚揉
5219,跋扣祭
5220,厘翼鞘
5221,臃弱事
5222,乍初淘
5223,猛浙代
5224,炒骆汞
5225,葵捏灿
5226,哇妈棒
5227,客沙温
5228,卤针阐
5229,祟阅珐
5230,烈酬寥
5231,逊馒午
5232,杜驮坊
5233,劳趣厉
5234,示氨使
5235,恕柿求
5236,鼠犹诛
5237,捏加槽
5238,问忱为
5239,坊屈蜜
5240,戒樊嘻
5241,傅漓氖
5242,声遮藩
5243,栏弦谈
5244,卞跨问
5245,就蓖岿
5246,霜棱钞
5247,寿铭必
5248,笔今膛
5249,癣洼晕
5250,营狸盏
5251,粉酉颤
5252,份荫柜
5253,怖粘鼓
5254,鸦谣溺
5255,厦公否
5256,像钎香
5257,锄喊吊
5258,山委滨
5259,镁萌捷
5260,昌糕谊
5261,杂擂利
5262,营极聋
5263,吓谣娜
5264,赠侥嘎
5265,树怜闯
5266,父拾全
5267,淤斤突
5268,凶累惯
5269,概棚砧
5270,卞凳胯
5271,斧鞘众
5272,岩狄琴
5273,磋孽苏
5274,褥惋颗
5275,瞥眼固
5276,梭辜活
5277,鞭侮撤
5278,认伦汇
5279,越枣枝
5280,成疽炔
5281,撇岛瑞
5282,尺渝爆
5283,柑筏譬
5284,生流产
5285,榷裔江
5286,祸哼斩
5287,忌释寨
5288,序暴玉
5289,赦吵担
5290,降僵阑
5291,驴阴荔
5292,庶都验
5293,殴棉露
5294,绊搂颇
5295,孔樱截
5296,庐诛咏
5297,玻点铅
5298,演腊虾
5299,聂岔搏
5300,特蛹刮
5301,挂私背
5302,朴挥陌
5303,玉迅帜
5304,晋捻变
5305,损啪赃
5306,绦骸报
5307,爽张渭
5308,冯剧继
5309,痴敲骇
5310,淹墙唱
5311,尚华涡
5312,罐毕持
5313,否冠壬
5314,怜袒囊
5315,炼审泡
5316,彭臃储
5317,衷相糊
5318,百竹格
5319,望抄叼
5320,卡恳学
5321,智庞庸
5322,纸僚琅
5323,襄倘衙
5324,外观澜
5325,坪洼舍
5326,舌努回
5327,毯汉每
5328,冻驮拆
5329,图现末
5330,吞舵枢
5331,挠教埔
5332,具绑跑
5333,矩恭链
5334,答眶乳
5335,钠湍缕
5336,罕篮珊
5337,攒陇笛
5338,盗求涉
5339,惋崎则
5340,沧肄窥
5341,扔平晕
5342,梦鲤框
5343,输判醒
5344,止馈坍
5345,键创汪
5346,鼠予恒
5347,耸恼堤
5348,测萌盟
5349,禽持响
5350,岸筏隘
5351,刁川痕
5352,剔简经
5353,剐渊给
5354,痔嘘筐
5355,污森嘘
5356,连萄耍
5357,盒喘零
5358,惟慕杨
5359,嗓领酋
5360,诞沉责
5361,妮熔蓝
5362,肤傲瓶
5363,咖胳耸
5364,孕驱泅
5365,咆瓤绝
5366,脓伟啥
5367,本虚研
5368,郸奈先
5369,粹驹伯
5370,燃党束
5371,氓中菌
5372,涪凿承
5373,票煎线
5374,粳腕锣
5375,崎劫伙
5376,夜成危
5377,亮狡茸
5378,币亿尾
5379,盼酞号
5380,颖格林
5381,碌荔汀
5382,探盛鹿
5383,篱枕怜
5384,咕嚣侩
5385,复芬涟
5386,迫撇锌
5387,眺疼倡
5388,翰哄示
5389,科匈恬
5390,坝妒绑
5391,榜鳖拱
5392,标幼母
5393,录屁言
5394,邢源首
5395,邵驯勿
5396,力布滨
5397,蒂咳掌
5398,迪攫扛
5399,膀抡屁
5400,磕处公
5401,察冗孩
5402,贫铃艾
5403,馁墙峰
5404,匪锯库
5405,黔舍梨
5406,盅沤赤
5407,场亦相
5408,胡眨祥
5409,嚼肠悠
5410,础韶味
5411,治你剂
5412,待递朱
5413,旗究鳖
5414,锯救悍
5415,茄闯风
5416,牛娠屿
5417,歼蚕阉
5418,炒晨掉
5419,遇旅冕
5420,员帛形
5421,闹矗盏
5422,斋闺虫
5423,耽泽屉
5424,童捏侥
5425,食喝脱
5426,基精僻
5427,钠搪伶
5428,藕杯匣
5429,沉课俞
5430,锭腔疾
5431,娘架弦
5432,曰边夫
5433,窄淑痊
5434,卸庶渝
5435,森屠忆
5436,巨钝怖
5437,壹嘻操
5438,句齿诵
5439,罕疚挫
5440,补舱矩
5441,邱阂摘
5442,伙醛敢
5443,素煞猎
5444,狗臀伪
5445,振曾卸
5446,卡鼓因
5447,跨霜岳
5448,画定馏
5449,舟悟诚
5450,知醚术
5451,衔稻哆
5452,霞挣晋
5453,帽舶搜
5454,绑志撒
5455,梅淘者
5456,购锅参
5457,娄蛆斯
5458,支闲骗
5459,虑映沥
5460,贤焰蒸
5461,毫哟挣
5462,战佑张
5463,败仁式
5464,舟篱耿
5465,袄脱峦
5466,拭腋秀
5467,蹿淋乍
5468,仪炕祥
5469,律柯硅
5470,枫闰寞
5471,蓑愤见
5472,狠雄信
5473,延雄船
5474,陕脆康
5475,牟凶晰
5476,堪包额
5477,抚涟呸
5478,地韵娇
5479,蕴侨新
5480,掀抢蓖
5481,霞息羽
5482,辙君嚎
5483,酵奋荒
5484,躁悠洛
5485,菠诽兑
5486,反燥译
5487,超嗡婚
5488,遮砧旦
5489,事铺敞
5490,厕乾鸥
5491,佬胞殷
5492,钧梨饱
5493,间阵永
5494,个柔马
5495,膘狠短
5496,姻缠询
5497,诛探拄
5498,蓑抄暗
5499,卸蛹很
5500,灵憨问
5501,啮刊伯
5502,绅闭樟
5503,慧泉酣
5504,屋帘吃
5505,确央种
5506,驳危拟
5507,帐蜜庆
5508,胡塞呀
5509,护揣絮
5510,粮采蔓
5511,麻肘屎
5512,挠盏块
5513,电郸裳
5514,荷携邻
5515,贡踞指
5516,膝聊类
5517,补涨绢
5518,匀篓钟
5519,圃段皖
5520,矽乱薛
5521,唁屎虽
5522,智汗劣
5523,罐知仇
5524,篡鼓湍
5525,益道孰
5526,皋摘鲜
5527,箍哗靴
5528,曾出鸭
5529,愉骂疮
5530,然刻次
5531,陈庐艇
5532,肚晚泻
5533,技钉橡
5534,欺隧橡
5535,灭消武
5536,越认痪
5537,瓜匝藕
5538,致硫武
5539,荒邢三
5540,蛇舌魂
5541,奴翘巾
5542,疏腆量
5543,太噎峪
5544,海帆雹
5545,颇仙邦
5546,娘铃螟
5547,唇伎翼
5548,卢盗尧
5549,甸捡播
5550,湿丹坟
5551,饱润锹
5552,糜拌离
5553,辣纱案
5554,头情杀
5555,荤叹炸
5556,姑埂棘
5557,晚陡陋
5558,升之瘟
5559,提窖嚼
5560,维铀苞
5561,碑郝承
5562,星抨枕
5563,致滤灿
5564,藤砰炕
5565,泅酞色
5566,匹课箩
5567,睹歧蝉
5568,嗜蝗央
5569,靳哥耀
5570,帖婚婉
5571,枣洽起
5572,懒瑰惯
5573,闯波健
5574,即须耍
5575,悄圈央
5576,梗甚是
5577,谢秦惩
5578,翌搅民
5579,粮暗望
5580,朝滁喂
5581,便厌涪
5582,萨搪阜
5583,蹋箱掀
5584,迂鸣轩
5585,商溺秧
5586,张瓮铺
5587,沪屁南
5588,暑沃逐
5589,忌曝柏
5590,寇浙叉
5591,腻喜疯
5592,婉外溜
5593,释尝察
5594,终彰滞
5595,就痕冉
5596,超翼撕
5597,蚤八宽
5598,止遁漳
5599,避且讫
5600,亥芯耶
5601,铭刃拴
5602,者虾咏
5603,岗苞淋
5604,三典拿
5605,峙氏据
5606,糯博膏
5607,极道申
5608,屠畜胁
5609,辟回兜
5610,钟洼代
5611,逾暑钢
5612,瑟隧香
5613,险览墒
5614,涌默秦
5615,粗储硅
5616,宣溜鹿
5617,氖底乔
5618,叙读城
5619,趴鳃亮
5620,匆辟脏
5621,彝隅撤
5622,踏仗呆
5623,耘啤钳
5624,钧债导
5625,线创潭
5626,镰洼貌
5627,端晤炒
5628,咕律逻
5629,捌司恼
5630,弧幌硬
5631,绅所疹
5632,犹竿哇
5633,览卫算
5634,秽澎绞
5635,绿倡鹏
5636,燕增荣
5637,匹侥眯
5638,箩耻邓
5639,赌伤棺
5640,翼依判
5641,匈巢旷
5642,裁地脉
5643,撒卵欺
5644,园崩柯
5645,羚撵絮
5646,慨甲挝
5647,巳绰纹
5648,淆崎钓
5649,肆樱挥
5650,镀衬蝴
5651,绥晰呐
5652,贵扔断
5653,鲸畴冶
5654,朔空挽
5655,拦台积
5656,撕疾归
5657,郧厉斟
5658,赵颅蝎
5659,倍惊鹅
5660,探爽刹
5661,疗骚颗
5662,裴芬抗
5663,踌掳谱
5664,温彪颊
5665,垦症酋
5666,疤啤鼓
5667,涵接埔
5668,腊简天
5669,茵悦腥
5670,俩忽尚
5671,抛睬学
5672,迸侵疚
5673,袒弱部
5674,圈巴萧
5675,睡患镍
5676,番陆公
5677,定帚剩
5678,缔滩衅
5679,盎穴杆
5680,敖月寸
5681,廊独阑
5682,斧过拼
5683,洗姻螺
5684,团谰予
5685,斌意趾
5686,汲范头
5687,怜肤硕
5688,睛餐势
5689,惰此腿
5690,豺鸵琼
5691,外摇弗
5692,累栗隶
5693,桂泼蛤
5694,撼投零
5695,口蔫潘
5696,壹马彪
5697,唤丽嗡
5698,炸幅昌
5699,凉倚酞
5700,波携窟
5701,粳跃以
5702,进蚂龙
5703,偿藐吝
5704,痊苯压
5705,贬沽涎
5706,芥翌没
5707,菲涉哇
5708,聂肌纷
5709,研卑熏
5710,一莽呵
5711,钵奶分
5712,非筛庚
5713,窍酒诣
5714,帛健辽
5715,椿屯应
5716,勤垛均
5717,估犯赎
5718,苏苍刨
5719,礁姓翟
5720,糠砒睁
5721,掖戊锁
5722,兆姥默
5723,嗓禄披
5724,钾兔请
5725,斥唉芝
5726,出港说
5727,佑菲净
5728,才履彪
5729,蜡娱呸
5730,悄疥胳
5731,训亿掠
5732,痒武韦
5733,禄搪泉
5734,赞起京
5735,涨庞绽
5736,躺琉庭
5737,嫁畦训
5738,遇折雨
5739,绥骑捂
5740,棠氏谋
5741,配若栅
5742,荡彝凶
5743,拾噪喧
5744,蚕懦拓
5745,岭圣穗
5746,沦互腑
5747,赡佩脏
5748,汪去睁
5749,逼铸锋
5750,方气行
5751,往括描
5752,落岿湍
5753,党褒翁
5754,斥渝找
5755,巩堑甜
5756,喜墟肆
5757,阎昔僳
5758,侧菏韶
5759,产砒诺
5760,仅嗽棠
5761,牢僵坪
5762,泌元证
5763,舆跳了
5764,妒符修
5765,几郧愉
5766,言葵铭
5767,劳蚤顿
5768,娠参攒
5769,殖侦帛
5770,跃荆贯
5771,守撒咀
5772,呐撼形
5773,香狠粤
5774,齐垛商
5775,操弯跪
5776,敛锚颠
5777,营姆簇
5778,姨估凯
5779,啸势谓
5780,锦垫笨
5781,腻粥膝
5782,哟培傍
5783,诊团侧
5784,斋藩妻
5785,烁阐涕
5786,蔓掉谋
5787,篡洪梆
5788,援瘪壕
5789,甩美之
5790,梅呻磊
5791,蒲稿单
5792,晃预孕
5793,篙岿珐
5794,巢碑腮
5795,瓦弓牡
5796,圈绸带
5797,蹭讯煮
5798,锡浩古
5799,显昌殴
5800,炊赫凶
5801,雏磐袜
5802,镍殷按
5803,量西行
5804,哀懒瓢
5805,劝麻浩
5806,榴录岔
5807,刽岗柬
5808,的源寂
5809,攀乎廓
5810,拷护程
5811,念呈抛
5812,博霄钩
5813,绦放妹
5814,甄症贡
5815,攘瓮掌
5816,芭突房
5817,调咐衷
5818,蝴粪晶
5819,黎盆敛
5820,豌携弦
5821,芜楼澡
5822,孵糯点
5823,蚜启疵
5824,事绅考
5825,泡执顽
5826,硷疗娱
5827,锗欠瞻
5828,拘碉符
5829,陕胺期
5830,由氖疥
5831,馅黎攫
5832,阎讨娇
5833,朱彻藏
5834,卤连募
5835,啊扯夫
5836,某韵酉
5837,颊捐哀
5838,蛔帽俯
5839,这珍仙
5840,属犊酚
5841,又京幌
5842,栖处昏
5843,迅吏损
5844,蔡怀份
5845,印枚杠
5846,氮靳束
5847,晶定涧
5848,携友情
5849,魄吞愚
5850,欺百颁
5851,嘉候宫
5852,税乳詹
5853,灌帅好
5854,玩袄抿
5855,攫厩摆
5856,片励然
5857,铝顷绸
5858,颁鞠挛
5859,舱晴纷
5860,髓蓖篱
5861,丧景馏
5862,事钧尧
5863,罩龋卯
5864,硒址耍
5865,您订俊
5866,滇筷悯
5867,国初绍
5868,狞暂佬
5869,沁挖念
5870,鹅宜莫
5871,趣淋存
5872,啪势间
5873,压匹境
5874,师甫洞
5875,肾科耗
5876,墒希吏
5877,泰呸计
5878,屹过帐
5879,男幸寒
5880,辆失恼
5881,灵镀寝
5882,蛇则继
5883,抡墟渭
5884,笛烈膳
5885,互黑喊
5886,堰男猩
5887,匪宝嵌
5888,只眉谋
5889,拼谤擎
5890,鹃吓幻
5891,枪誊役
5892,冀言的
5893,性助洁
5894,膛贼厌
5895,菱簿眺
5896,蜜蝴腐
5897,和峨验
5898,岗辽惕
5899,绣射丫
5900,盔如弱
5901,吟伙坚
5902,尧哎硫
5903,编胃许
5904,电孤点
5905,铡撮唇
5906,迭炮呐
5907,揪份厂
5908,帐邪焦
5909,尚窖认
5910,瓣合良
5911,脆若没
5912,窒亚铡
5913,怠堆俊
5914,趟忆箭
5915,垒箔咳
5916,贪泞限
5917,撤湘乃
5918,学荣畅
5919,钟聚仪
5920,莆臆乳
5921,同岳胰
5922,痊吗呵
5923,兑任驱
5924,己京解
5925,噪苍紧
5926,浮郸赂
5927,蔽觅沦
5928,来丑赔
5929,肺腥暮
5930,脾授炔
5931,渴插替
5932,贡权骑
5933,定泪抖
5934,吹眯泪
5935,霜洞花
5936,捷临外
5937,碎宾吴
5938,杠粥吩
5939,裁对酒
5940,倾炕尸
5941,悸踌陵
5942,坷惜暴
5943,随径溪
5944,报锡凿
5945,遇膏畅
5946,缨偿逊
5947,媒雾庐
5948,烁惨屡
5949,土桨葛
5950,肤沂撼
5951,拖份点
5952,警啼憎
5953,桐科殃
5954,搓薄饭
5955,今掖辆
5956,级怀慎
5957,牙弗朋
5958,煤论脏
5959,司演雏
5960,铂虑后
5961,瘸项洪
5962,恕母体
5963,盅墨疹
5964,闷英统
5965,券夫嘎
5966,机钦枣
5967,娜惨浑
5968,壳森判
5969,惭屠端
5970,沈抽开
5971,拘丝饶
5972,忻扰典
5973,瓶十伴
5974,龟妇搁
5975,鞋倾喻
5976,合添像
5977,随仅永
5978,开太坦
5979,肥侮及
5980,龋围踌
5981,绞盾博
5982,双栓眷
5983,明姬情
5984,因儡囚
5985,拾贼腰
5986,吻砧裁
5987,葫毡键
5988,擒宅望
5989,娇绪鹰
5990,矢淘沮
5991,狠咽基
5992,须益背
5993,役钢乡
5994,励灰赖
5995,填买氢
5996,沂黔痹
5997,吃羽扬
5998,缩陕土
5999,沃员主
6000,嚷萄嫩
6001,涝甜至
6002,吼莽闷
6003,咖择呐
6004,集茶俭
6005,惫膀仓
6006,孔换褐
6007,帆肝卜
6008,因脚各
6009,棠拎边
6010,舷棱味
6011,论虐纠
6012,撼堕去
6013,骇孕硅
6014,洞夯萍
6015,阉科文
6016,忆洱门
6017,值剖闻
6018,朔蛀霍
6019,烟豫侯
6020,什绘缚
6021,勃测磁
6022,辣丢惺
6023,归支彦
6024,巡亨携
6025,演滨噎
6026,满傲讹
6027,兽蜡熬
6028,俊独鄙
6029,胰淤暇
6030,给朵圭
6031,傣醒狠
6032,评衷翱
6033,依氨糠
6034,伐铬芽
6035,靴娇智
6036,株灾存
6037,睬氏蜜
6038,埂敛趋
6039,步弛由
6040,起弧遗
6041,诀咽侈
6042,遣询喘
6043,贝栅珍
6044,艾擎燕
6045,澄腊跪
6046,怂免湿
6047,菇倾氟
6048,摊仟昔
6049,绘妓鉴
6050,立园肋
6051,宿蝎蹿
6052,航窖糟
6053,述所褂
6054,化巴艰
6055,链夯舵
6056,赦捕确
6057,花令少
6058,奖酱丈
6059,铲冰愉
6060,动码互
6061,土菩毡
6062,乓祥娟
6063,忱晋疡
6064,入肆食
6065,静蕊欧
6066,伏亦婪
6067,氏恕纠
6068,身献剿
6069,幕蛛粟
6070,傣婉琶
6071,监球满
6072,姻获蚕
6073,肝街镜
6074,喇家就
6075,埔趟讶
6076,查瘫樟
6077,躇哦位
6078,峭盈跪
6079,志右磺
6080,青初嘛
6081,征氰冰
6082,陨郎达
6083,淬懈碧
6084,蓉娇喊
6085,狸柬护
6086,会擒蝶
6087,粘怯奢
6088,魏恢刺
6089,胚呢连
6090,碧罩娠
6091,涯惺软
6092,栗皮窍
6093,垛岗眠
6094,耗暗仇
6095,短瘴虐
6096,恃旺匝
6097,潭策矾
6098,法唯闹
6099,窘净昌
6100,循接儿
6101,沥痴铀
6102,侧业吮
6103,胖菊籍
6104,挣夯舒
6105,林思慢
6106,逛穿灶
6107,洼桑浆
6108,坊盲房
6109,笼娜椅
6110,烈较洁
6111,艺种界
6112,担反身
6113,挡蘸轮
6114,屠畅楞
6115,杨弊祈
6116,呵馒苟
6117,纬淬肌
6118,零感见
6119,唆家区
6120,脐蝇仟
6121,你女寺
6122,淖弧官
6123,曰驯篙
6124,塌祷杂
6125,完钦蹄
6126,仆默旁
6127,朴每必
6128,逢潦捕
6129,胖惜撵
6130,汪靳乙
6131,捷探胞
6132,膨籍大
6133,寥槽靖
6134,揭拭纳
6135,肃哼猎
6136,盂大嘻
6137,炕脸扰
6138,咕亚厦
6139,杯泳爬
6140,淳藏奎
6141,闽韩欧
6142,牵伸龄
6143,仕茹妻
6144,惠囚浑
6145,袭宅丛
6146,耐毋思
6147,外该刽
6148,仇卯煞
6149,延哗捂
6150,蒜海牵
6151,喳叼篱
6152,镍硷舰
6153,莱科尼
6154,活娄都
6155,糙富吕
6156,泛修莹
6157,诛墩诸
6158,掉揣扬
6159,毒庇造
6160,述建吮
6161,化智伟
6162,朽指啤
6163,霍羌馈
6164,镁猜京
6165,蔗刑皿
6166,轮姜考
6167,与调栖
6168,抹颊公
6169,皑卫抿
6170,涯墙傈
6171,瞪枫亨
6172,腔哭客
6173,蛛舜鄂
6174,星缘宅
6175,铡炎巩
6176,敛讫堡
6177,铰优摆
6178,锄恢春
6179,婚貌甭
6180,司选郊
6181,槐笨挑
6182,凑怨歼
6183,再膏喂
6184,伸吮涂
6185,忽彰轿
6186,禄詹份
6187,帧剔睹
6188,菲母阅
6189,元脐好
6190,缉菲欧
6191,念署焕
6192,迈昔兔
6193,寄鹏潭
6194,熏时氢
6195,淮池阐
6196,孟凡竿
6197,穷楼谜
6198,贝朴京
6199,棠渭窄
6200,俭统燕
6201,寿瘦彻
6202,高夷镁
6203,扦吴捅
6204,播镜测
6205,釜志巴
6206,秆蔚猿
6207,露悬赵
6208,切壬哇
6209,乍埔浙
6210,牵埋寄
6211,碰府憨
6212,彰浮修
6213,忱绽烦
6214,烬恰魄
6215,葵肛确
6216,戮杏年
6217,醒宽锁
6218,腐摘馆
6219,秃岗怀
6220,娇浙杂
6221,赢侨杖
6222,苟千揽
6223,镊给淹
6224,翌佃繁
6225,争棉及
6226,逝构惠
6227,趁扼碾
6228,液写前
6229,吼蛆肪
6230,溢怜汰
6231,化消居
6232,梆腮翱
6233,匪旺欲
6234,履辉美
6235,石英腰
6236,涧撬再
6237,拱化虱
6238,镍砚离
6239,披俊脂
6240,钮悟裹
6241,匙篓肇
6242,斤缎萍
6243,伙虑印
6244,邯济步
6245,裴攀喷
6246,协苦筏
6247,至峪银
6248,邻滔柱
6249,封吩疵
6250,佰骨释
6251,馏种团
6252,折禹思
6253,旅贯胡
6254,旧经赎
6255,哩赁音
6256,盘迈肮
6257,滤际谢
6258,畜羡围
6259,铂毋之
6260,掺泻吕
6261,镇匿觅
6262,丁精凯
6263,序峪则
6264,馈屯锦
6265,诀旗刚
6266,值冒同
6267,动玲非
6268,苟阅耳
6269,锭搜媚
6270,名甲僧
6271,巳墅底
6272,瘟蹦凑
6273,节奸蛤
6274,岁刘晚
6275,坪佣踊
6276,刚蝇孟
6277,桔践裁
6278,扩忙汹
6279,棚蚤破
6280,误饺险
6281,健年鹅
6282,恭琳废
6283,椭彪犁
6284,抉乍南
6285,房古雨
6286,都度译
6287,捞肥祈
6288,峭榷饰
6289,闺刻航
6290,皂新稀
6291,凸话茅
6292,忧喷役
6293,幂荒老
6294,览选赠
6295,拨贰汞
6296,屎谜浓
6297,匆弓敬
6298,帽良烩
6299,煤栗垂
6300,叫雁艾
6301,麓耸氮
6302,噪绸殃
6303,劫熊篷
6304,尚拖崭
6305,葱芭迈
6306,所诵芳
6307,菲欲吮
6308,逗崭看
6309,年啤景
6310,赂辜咬
6311,掖摈替
6312,洗袖医
6313,勒豪榆
6314,恢昼内
6315,埠京肆
6316,晴唆仑
6317,辨上者
6318,仍驳裤
6319,糖茬秒
6320,宋酋你
6321,疮荣腺
6322,撤健角
6323,玛萤藐
6324,霞孔抱
6325,偶淆苫
6326,拎法骑
6327,霹迅魏
6328,醋泪辑
6329,耍锈揖
6330,膨蕴苹
6331,熊罩亚
6332,匙淑珠
6333,归碧京
6334,棠擞羽
6335,芍蝉甲
6336,尺麓戈
6337,腮艇肚
6338,漆叙今
6339,开阁迁
6340,缎怎蒜
6341,碌婶敬
6342,邓渺香
6343,恳瘸抹
6344,史甲宝
6345,渴芬晚
6346,咎觅朴
6347,颅吃旭
6348,主朔扣
6349,葡份丑
6350,系舔藏
6351,西将较
6352,韶摘另
6353,碧郎徊
6354,蕉过青
6355,寺菱淳
6356,盈螺确
6357,捍窝良
6358,斯滤筒
6359,枷丰错
6360,勾辅纹
6361,斩搏蕾
6362,砒拯绅
6363,畅薯育
6364,眩沛沁
6365,妒甸巩
6366,刹履蚕
6367,荚黎缠
6368,使犹熟
6369,徊傻粒
6370,阐遇柬
6371,官达瑟
6372,艳骨痉
6373,广谢兼
6374,湿钡点
6375,皑缺坟
6376,窍邻驹
6377,烟哮室
6378,试府乐
6379,欲苗嫩
6380,椽退帛
6381,诚弛网
6382,映釉忻
6383,榆养柠
6384,啦记腰
6385,碱迈讫
6386,及倦揉
6387,樱苟思
6388,延董猜
6389,裕田氮
6390,糜施套
6391,坚焊哮
6392,床忱诧
6393,协排咳
6394,特令晾
6395,传跟蜒
6396,秤本请
6397,迷僳薪
6398,愚歇汇
6399,撩难韭
6400,好辖盈
6401,代侍恶
6402,团伐为
6403,郊粟酋
6404,弧水劫
6405,柬敏涵
6406,忿游朱
6407,枪梆预
6408,猴酚卉
6409,土釉臻
6410,核情别
6411,钟老牧
6412,丁多营
6413,稼胶宋
6414,俏娘鹃
6415,越掀川
6416,沾烩渝
6417,冉潘顿
6418,瞩村童
6419,陆重迂
6420,吝嚎拓
6421,蜕栖煌
6422,石钳劲
6423,拷挎秦
6424,悔峨枢
6425,拯甸肃
6426,洒禽庇
6427,洒遇窝
6428,整等遣
6429,摄肩燎
6430,愁圾尖
6431,头同佣
6432,侗藩掌
6433,轨捕魏
6434,夫洛咐
6435,车妹啦
6436,搏俊珍
6437,归咬赎
6438,账怨堡
6439,灯骄曲
6440,湿这懈
6441,伐互么
6442,脖讨害
6443,蚌绦斥
6444,其嗽促
6445,亢永问
6446,争练上
6447,敲钵撒
6448,皮窘掂
6449,戮让阜
6450,肆委款
6451,淹钳悉
6452,出泽萝
6453,变拧仙
6454,聚瞄盲
6455,翔露冶
6456,挚纹奉
6457,椅侍习
6458,回褥募
6459,阐翅块
6460,堂拨亲
6461,檀购畏
6462,扁下沂
6463,钒嘎宰
6464,猪句扮
6465,粘屹瞬
6466,疲杯炮
6467,厕事绷
6468,温曳侄
6469,鞘匝绷
6470,瞥杖原
6471,沤榷苏
6472,搓赞敛
6473,刀锨术
6474,委彝返
6475,思瞪烯
6476,丸珐惯
6477,熬喊父
6478,烛芝翻
6479,摇双兴
6480,盲溢汤
6481,毕溪侦
6482,嘎氨柠
6483,匆椽鼎
6484,计泉玲
6485,口目猪
6486,军冷傲
6487,词拥佑
6488,拾杰吩
6489,燃窖嘛
6490,揭镐栋
6491,廷度黍
6492,耶抽懊
6493,这塑掣
6494,彰拧召
6495,懈戏震
6496,谊蛹靖
6497,碍宰爬
6498,镑贞债
6499,栈乔厨
6500,弧狄春
6501,础横渝
6502,邦涸条
6503,精柿骏
6504,趋瞩狮
6505,陕应粕
6506,哼陋啊
6507,千党菏
6508,锈抹寿
6509,暗蛔理
6510,鸥炉羚
6511,泰藉蟹
6512,蒸甘妮
6513,粒抱蛆
6514,印拱规
6515,疼暖獭
6516,肖谍渴
6517,讳归钉
6518,休秃十
6519,滔畸毫
6520,跪蘸懦
6521,牙凿白
6522,官燕酗
6523,桓收牢
6524,窟踞夕
6525,碌雷刀
6526,吮曳镜
6527,绩诗挽
6528,弱立胁
6529,晌府亥
6530,斩砂隘
6531,篓镐咐
6532,衙骚犁
6533,袍勇溉
6534,狸狄攻
6535,贺遏剩
6536,浚溯眯
6537,睛砰弧
6538,寅形因
6539,氟紧病
6540,她邯助
6541,海抛辟
6542,镐阂榨
6543,抱英脐
6544,醇铡惰
6545,投坷风
6546,腋溅拳
6547,范杰藩
6548,藩郁滇
6549,见岁士
6550,憋聊蔬
6551,拭鸦虱
6552,文欧纳
6553,轴俯实
6554,伙挎碘
6555,澳滞板
6556,毕嘿尼
6557,抨藐张
6558,橱脏弥
6559,炉临涌
6560,控钵待
6561,货趴亩
6562,冗酥观
6563,贰朔夺
6564,薛羞呼
6565,箍箭千
6566,蜘绵尘
6567,护维泳
6568,冤里佩
6569,存怔梳
6570,阎褂弥
6571,串矫圭
6572,酬睛岩
6573,褒弃蹭
6574,才躯拜
6575,缔稽陇
6576,竿号衅
6577,类为傻
6578,蓉碴塑
6579,拄河诡
6580,古粹疫
6581,玻针矿
6582,吩押邻
6583,颜酿握
6584,保囊体
6585,郎站药
6586,售分弹
6587,忿豺瑰
6588,筒楔靛
6589,站富忆
6590,菊髓宜
6591,荚强了
6592,歼裕敢
6593,妨荡图
6594,狄撕承
6595,聋人逻
6596,彬认标
6597,吩纽菏
6598,额崇遣
6599,痒他眯
6600,节套吱
6601,婆筹罩
6602,虐蝗弓
6603,街柱其
6604,胰顾诛
6605,猴旺力
6606,韩岔炊
6607,超芝梢
6608,画然螺
6609,舰澈尉
6610,跃模帐
6611,锤睁诛
6612,胖邵严
6613,宜匪缨
6614,些卑奋
6615,拌耽桓
6616,咱黄榜
6617,长棵尝
6618,万措压
6619,献丢洒
6620,噪众吭
6621,染阐勤
6622,婿需日
6623,样熏毋
6624,冻照杆
6625,祈坚蓑
6626,劲核陵
6627,痰拴迹
6628,圃酒赊
6629,腑感识
6630,滨淑号
6631,司栽叼
6632,暑及禽
6633,属填句
6634,嫌项镣
6635,冒滥职
6636,落恫学
6637,溯稻稿
6638,民圾茄
6639,肖欧犊
6640,液者力
6641,羚怂汪
6642,按剑腺
6643,跋敖略
6644,驯钩疮
6645,荫佑般
6646,猾蛾局
6647,每触逻
6648,耿稗顿
6649,唆驰驹
6650,滦铅泣
6651,秦辉红
6652,恨摘勺
6653,敦茫稼
6654,磅延拄
6655,辅眉炭
6656,贾菜舌
6657,架坑所
6658,赡泪耽
6659,把痊狼
6660,积邻疤
6661,蛙匪榨
6662,梯戏柏
6663,显尖带
6664,遂媚栅
6665,瞎赏粕
6666,荒水慈
6667,鸦床疑
6668,失撇罐
6669,钡给蝎
6670,育痹验
6671,刮克效
6672,供闭卫
6673,爷慎正
6674,枝杠橡
6675,翔郑召
6676,瑞伸刊
6677,禁零厅
6678,翻烯沉
6679,镰画锁
6680,骂堡浮
6681,溅绊胰
6682,坟骚同
6683,烈谐老
6684,谭嫡蔑
6685,煮点峰
6686,执碘个
6687,欠激商
6688,舵庸谊
6689,领油采
6690,肢民角
6691,划反咎
6692,氦砌搽
6693,牧孺堕
6694,洒纤赖
6695,诺榴徐
6696,槐江辅
6697,惺狸默
6698,觅纸刑
6699,竣滥赋
6700,讲毋所
6701,际批沉
6702,省余闻
6703,失忘压
6704,梆韩绵
6705,摊沸赁
6706,曼冰仓
6707,黍股八
6708,井窒秆
6709,卡墩把
6710,涨面撇
6711,兽琶夹
6712,疵酝汐
6713,壁刃酉
6714,矗咖稼
6715,哑芭蛀
6716,可默桥
6717,功抠伸
6718,锰饯增
6719,驼僵惠
6720,缠蘸箍
6721,恭奥秒
6722,投独梆
6723,冷尖刹
6724,墙苟矗
6725,橙氧袖
6726,阑默鸟
6727,竭茅岔
6728,夷跟悲
6729,仪愧睹
6730,仰哎槛
6731,茫严拨
6732,恋客窗
6733,曰贩意
6734,峪重驮
6735,焉腿穆
6736,幂乒目
6737,保冈询
6738,抒鉴敲
6739,贩涎蔗
6740,义枉咆
6741,拢哮胚
6742,豪健燎
6743,匣感怪
6744,戮笆继
6745,颖岁炽
6746,鸣舱藤
6747,彝剖瑟
6748,欠将碱
6749,称铰民
6750,售屈蔚
6751,菌失逃
6752,虱吹剃
6753,恫崖泵
6754,袭慎少
6755,线驱线
6756,昏捞贺
6757,支墟怕
6758,迭对岁
6759,署灿僚
6760,狐账破
6761,费望液
6762,雏绸催
6763,招患味
6764,荆候辨
6765,凋止庸
6766,揪笋衷
6767,圾地县
6768,血辫跌
6769,汪眺纤
6770,顽悍盼
6771,办冯贵
6772,蜘旱掺
6773,灌擂庐
6774,曼哗馈
6775,减坟絮
6776,灸沟姨
6777,恋沮牧
6778,乳俊迪
6779,牙潦术
6780,杭搅缠
6781,眨嫌氰
6782,蜜迪姆
6783,油刊没
6784,窘类音
6785,椽疚晴
6786,颐崖甜
6787,席炼辉
6788,挛隋治
6789,涉掠梅
6790,痕除娟
6791,闺诱辛
6792,仅代施
6793,搽朱编
6794,巧每贝
6795,智级伍
6796,是溶漠
6797,雍媒傅
6798,祈恫孝
6799,基管谢
6800,紊芭衡
6801,贼扶公
6802,酱吕搬
6803,哺刨竹
6804,些贞墩
6805,纫涟焙
6806,武们奥
6807,洞拧搓
6808,游直氨
6809,抨梭屉
6810,拼库宙
6811,唯葬谐
6812,众畸编
6813,控唆两
6814,莹韶几
6815,颜法垫
6816,伶船鞍
6817,乳智第
6818,秧逊陈
6819,敦榷录
6820,岿繁蓉
6821,灶央称
6822,键蓬存
6823,孟疥甄
6824,幻秒材
6825,绍哺瘤
6826,乒洱戈
6827,况刀狐
6828,毫砒菠
6829,秀献眯
6830,褐吵禄
6831,笼瞎饿
6832,誊吼赁
6833,按勺恳
6834,贰鸵咎
6835,鸣错簇
6836,填且铭
6837,批拓团
6838,喳半医
6839,粹辩蕉
6840,洒蜀勋
6841,隙千里
6842,酷镣梯
6843,菏毁旧
6844,全证道
6845,鞠禾否
6846,努泥戍
6847,规穗认
6848,埂膘实
6849,霜房色
6850,筛度值
6851,两女久
6852,攒脱幌
6853,恳德咒
6854,踞怖拈
6855,宰灸汗
6856,惊丁苟
6857,挚吐浮
6858,匝窗匿
6859,劈寥积
6860,农岁跪
6861,驼耕句
6862,糖询脯
6863,瀑池靶
6864,玖陨订
6865,略啪蓬
6866,棱钩淮
6867,藉炔乎
6868,傅句司
6869,奋实厄
6870,腻旺夹
6871,抢稳越
6872,吵持堰
6873,啊辟烬
6874,剃碾奔
6875,噶军盆
6876,朋笺听
6877,邢鼠碰
6878,掖汝贡
6879,骆富郝
6880,试翌轩
6881,草计库
6882,梳姨冠
6883,市吠心
6884,苦苟取
6885,敲浆妥
6886,各罕悉
6887,边祷苏
6888,撒对熔
6889,致先另
6890,豪设衡
6891,经慕俘
6892,河奋扑
6893,瞎肆第
6894,帖概冀
6895,亢窘祟
6896,向拼体
6897,徒贰周
6898,虏撩眨
6899,战烩枷
6900,趾署叔
6901,竟令肉
6902,砧顺抉
6903,寸饱魄
6904,房两芒
6905,蔼拆莲
6906,皖导悼
6907,曳查镶
6908,舱拱鱼
6909,砸脚堪
6910,侨侮句
6911,撤回巫
6912,戮埋挥
6913,苟鬼褪
6914,茸陕庭
6915,聪亭碌
6916,蛾舔骋
6917,赤挤锌
6918,垣们片
6919,口棉遁
6920,詹稼缺
6921,燃柏暂
6922,郧络艰
6923,竟铸淮
6924,槽芳武
6925,硼玩坛
6926,撬融歧
6927,斌干域
6928,蚊示碟
6929,骡羊睬
6930,壳际母
6931,琉砒贸
6932,模挠盟
6933,台嗡难
6934,弱览兼
6935,躁砸覆
6936,违贴歪
6937,咏忆酉
6938,熟赐奢
6939,化朔赦
6940,谷著祥
6941,拈倾严
6942,腾珐廓
6943,淌邢刹
6944,郝枷胎
6945,缔保骋
6946,朝鸣摊
6947,娟汗菇
6948,柬辰索
6949,怂览盂
6950,教讽幽
6951,险窍竖
6952,础耕需
6953,辽僵妖
6954,沙萄牌
6955,兢熟秉
6956,肪徊滨
6957,距佯档
6958,讼残冕
6959,鼎益炕
6960,昂老误
6961,钟晰奉
6962,寓内铡
6963,啸锅疮
6964,讥疚剖
6965,尖活迹
6966,懈讫龋
6967,窒渺弊
6968,倍型算
6969,苏赠袜
6970,此堪虏
6971,起纯诱
6972,乾冬鱼
6973,钾哥靳
6974,瞒有钟
6975,片未碑
6976,矽拄嚏
6977,挛耶筹
6978,送佑缩
6979,九干虞
6980,盼利轿
6981,卧营宿
6982,蓬德莎
6983,完喻呛
6984,糠辖稚
6985,绢闪收
6986,刁驼仪
6987,婉股搪
6988,莎戮款
6989,绎萌暂
6990,营您溅
6991,炭慧纫
6992,钟髓穿
6993,检寇邦
6994,州询铀
6995,扣帘假
6996,硷兼傲
6997,梭兴蝉
6998,凌钾嫂
6999,拼费搅
7000,拧诧贰
7001,然譬而
7002,黑烽建
7003,旬珐宦
7004,呻堪兽
7005,蕉哦敦
7006,来聊吨
7007,榆扳尔
7008,愉揪辽
7009,祭窑芳
7010,纫皆哆
7011,章槛喜
7012,铭赖葫
7013,仇笋刘
7014,刘洞提
7015,科篮堵
7016,厂膀兵
7017,洽筛校
7018,侣倦发
7019,昌芝鞘
7020,蒸汽寸
7021,圣渝谜
7022,稠时而
7023,庙啡蘑
7024,钉技载
7025,彰秽斗
7026,寥致搓
7027,窝您糊
7028,钟幂肋
7029,萎呸诸
7030,嗓殴周
7031,瘴拂藐
7032,位恭灭
7033,也伍缸
7034,丰缘哇
7035,胃铁湾
7036,庭谍乙
7037,皇爵蛋
7038,莎晰糙
7039,腊发炔
7040,涯猾逃
7041,院崭贯
7042,琼氢欢
7043,罢劝橱
7044,硫舆芜
7045,旧井坡
7046,聊馒亦
7047,曰参尼
7048,摩吕姐
7049,联巴裹
7050,馒撑予
7051,弱翔杯
7052,校湛憾
7053,月风拭
7054,荒百坪
7055,讽指贷
7056,臭宅泛
7057,净厦么
7058,伴振巷
7059,宫眷晰
7060,培认荔
7061,捞岭洒
7062,外坯躇
7063,砷跑叔
7064,验多袋
7065,呀镰碴
7066,崖彦骏
7067,勉轴炊
7068,压侥托
7069,诺紊荡
7070,蔫蛛愁
7071,精歪磋
7072,报秽弧
7073,射撕拭
7074,谬蛤孝
7075,莎涵歹
7076,啦谴芬
7077,熙埃亮
7078,跨惯氛
7079,盈崩陶
7080,绚高享
7081,侈结墟
7082,较贞棉
7083,史蹬竿
7084,衡侣钙
7085,乳猪汝
7086,粟杏芳
7087,尔泛凶
7088,萌姑乌
7089,读慌惨
7090,青靶锌
7091,拾撒振
7092,营砾湘
7093,谤占斑
7094,虏快勒
7095,拨皇算
7096,掇哀移
7097,叙歌襟
7098,撅压那
7099,棍皇谤
7100,谴墓源
7101,勇敝液
7102,疏察阀
7103,辙沁喘
7104,鹰拘掘
7105,拖虱镶
7106,蚜未火
7107,诲唤肮
7108,玫肃即
7109,沟蹦眉
7110,骇残坍
7111,软乓媚
7112,霉刘双
7113,屉诈狭
7114,撑胎牲
7115,祭肢纬
7116,喊由燕
7117,陌棺战
7118,硒蜜姜
7119,崩亮坯
7120,贵鹿邱
7121,虚糯绝
7122,营邢滴
7123,铅调歌
7124,佣敏摊
7125,禾厚纲
7126,皇茹未
7127,澜凸移
7128,业勤惶
7129,础拓禄
7130,按这瞬
7131,鸳爬崖
7132,立继衔
7133,荐翘幼
7134,凛厢舟
7135,兄宵屡
7136,疗鸯题
7137,之写厅
7138,尿漾盐
7139,剪迹羊
7140,庇柏项
7141,算偿颗
7142,策不赛
7143,吗奠东
7144,秉炕蓝
7145,恳褐烁
7146,湘哪巡
7147,央悸咋
7148,摆谬脆
7149,娱杉滥
7150,欣宫量
7151,重殷榷
7152,襄增郑
7153,进咯诉
7154,呢寇勒
7155,饥寒犁
7156,扼醋八
7157,膳庙冈
7158,埂始恋
7159,栅袍戊
7160,两逗天
7161,坷州改
7162,章盈伎
7163,解史痔
7164,噬竭溶
7165,糟懦醒
7166,蔓皮遭
7167,户耳邀
7168,诛藉椿
7169,撕瑰播
7170,笆均衫
7171,蹿免四
7172,爵将涤
7173,敏遮媚
7174,宾奈搀
7175,直车龙
7176,徊压叼
7177,余耪赂
7178,伏鸵碧
7179,攫九烩
7180,予撩睁
7181,泳蚤夕
7182,短抱棋
7183,唾急蛾
7184,营叹依
7185,挪观令
7186,蔼暇次
7187,袋簇鲤
7188,蔚衡钮
7189,醚详彤
7190,酪娥脐
7191,城煽谬
7192,重鞍屉
7193,疚辞抹
7194,领衙虫
7195,辐等盆
7196,臀必歇
7197,犯炔原
7198,获钨长
7199,墅迎橱
7200,卡陵饿
7201,莆煤晶
7202,肖唇催
7203,援民尸
7204,舟蚤烽
7205,葵档震
7206,幅玖陛
7207,虹歪霹
7208,蕊肥期
7209,难吓汁
7210,坡羡鄂
7211,以涛汪
7212,节擅冷
7213,浅掠寂
7214,登踞惕
7215,擞沃沸
7216,程叮关
7217,剪头癸
7218,雁盗竟
7219,鬼骡搐
7220,烈间病
7221,抚绰噪
7222,误奖棠
7223,材嗣奄
7224,抿躬仑
7225,赔限郡
7226,鲍愤酉
7227,烫编汗
7228,袜灸舶
7229,治派灌
7230,体睬雀
7231,洁肺欺
7232,厂撮肤
7233,错餐奉
7234,鱼砰梁
7235,李牟泅
7236,亥免蜜
7237,翁狱鳖
7238,锑丑闹
7239,贰孩舷
7240,关绷丹
7241,监拧弱
7242,篙魔蹭
7243,咖涝渭
7244,芒颧敬
7245,臆噎奄
7246,襟邵吓
7247,绿彝盆
7248,率屎凝
7249,毕晦咸
7250,甫鼠吁
7251,按溪峡
7252,眶实唬
7253,署布釜
7254,澈崖隅
7255,勺灌钓
7256,的忽密
7257,察害策
7258,税圈徽
7259,聘免皖
7260,怪蒂律
7261,诫战猿
7262,琐骄稚
7263,公熔秉
7264,怨弘拐
7265,寇甸轨
7266,豫篇刊
7267,诵霍挞
7268,搜窄盒
7269,炉劲纹
7270,腹勋糖
7271,狗啊夯
7272,呢炊洪
7273,事嚎跺
7274,囊陵翰
7275,皂盼速
7276,假演暇
7277,倔吃穆
7278,捆寻函
7279,媒区泼
7280,拜厚布
7281,抖瓜泵
7282,桨窝货
7283,馏殴仪
7284,吟峡拧
7285,级广修
7286,巍押吹
7287,整陷第
7288,打氏慧
7289,嫂咏瘴
7290,楷怒瑞
7291,被赏兢
7292,级刮泊
7293,佩瑰辣
7294,弟环毅
7295,矽话耕
7296,殷始恬
7297,贝特零
7298,传企箱
7299,峭洲忱
7300,刹户损
7301,小替圃
7302,晋式鹅
7303,抵稳战
7304,克隘炼
7305,豆蜗钞
7306,姚鹊玖
7307,琼钝虱
7308,载撵熟
7309,斜氯牌
7310,唯婪刨
7311,恳齐酮
7312,隘瑚沙
7313,胀罚愿
7314,睹严里
7315,桶初鹃
7316,休育毡
7317,仅斑献
7318,阵胺陨
7319,肝帚处
7320,尉瞒霖
7321,篙停棘
7322,呻侯齿
7323,镜能会
7324,诈讽泼
7325,触山点
7326,悯疯妮
7327,谗骤孪
7328,慕韩伏
7329,茄汁屎
7330,货及琴
7331,欲再冰
7332,盾妈匠
7333,邮靳怕
7334,涧缓卧
7335,芽艳咬
7336,胃督颂
7337,牛懊焚
7338,棵会地
7339,赡凳漠
7340,弓犁婆
7341,脖悠罚
7342,瞥伏蝗
7343,诚逆煎
7344,婪糯讼
7345,硅投沉
7346,焰儒鼻
7347,徐瓶寞
7348,担别貉
7349,蚜乎敞
7350,杆辣兜
7351,象系萧
7352,夹伸灰
7353,伏迢票
7354,擅恃铱
7355,汉交院
7356,竖喝蚕
7357,妖撮佛
7358,苫胚凉
7359,店猩啮
7360,纱钩狞
7361,襟岩犀
7362,撅其硝
7363,基招硫
7364,惠辑瞪
7365,案条姑
7366,甭俺剂
7367,竟抉对
7368,改漠恭
7369,荚讽当
7370,阳了学
7371,尾周型
7372,庭囚渣
7373,娶阴满
7374,城饱卜
7375,谰鹏领
7376,尧赶姐
7377,卿袋锭
7378,夏猛掌
7379,抡菊瞳
7380,式磕藕
7381,往拦馋
7382,疚识枚
7383,舒将独
7384,拿判互
7385,镰易朋
7386,酚伴郁
7387,译阜舅
7388,衍贱书
7389,频睹喳
7390,桥虑蓉
7391,酱影遣
7392,拼泳沦
7393,拉内小
7394,筹猪另
7395,吃适亏
7396,块萤忿
7397,尿樊卑
7398,蒜博面
7399,抿搐秘
7400,乃础身
7401,涸谓罗
7402,哉赴樟
7403,均韵抵
7404,挡体擒
7405,宜扎酞
7406,蝇谣扣
7407,涤拘颤
7408,恶欢档
7409,大某拔
7410,内夜袜
7411,忻俭欣
7412,饥势愧
7413,虎灌梨
7414,声樟灿
7415,竹轮糙
7416,施锻硕
7417,戎痈拘
7418,瘸但蹋
7419,蹈杜范
7420,绦腆同
7421,坎还郝
7422,鞠汹药
7423,溅话题
7424,诡鄙贰
7425,具弧缺
7426,俊稼诱
7427,睫保类
7428,趣芯疹
7429,驱验衙
7430,榨兜绝
7431,屑漠咀
7432,港庇厢
7433,至啥袍
7434,恳近齐
7435,戌怨寄
7436,司彪瞩
7437,络安闺
7438,蓄添菠
7439,泊成怨
7440,芬颜淤
7441,颖兢匝
7442,巨糙弗
7443,代母浙
7444,颈痴人
7445,奴柄杰
7446,嘲矩噎
7447,焊尧乍
7448,斟啃囤
7449,陷谬睹
7450,亩友逸
7451,敬叶恫
7452,函绒必
7453,夕贪战
7454,巡悄淡
7455,囚毡艰
7456,诈株痊
7457,落蛆制
7458,颓负灿
7459,弯床椿
7460,捕询谐
7461,宦整蚤
7462,远容哪
7463,穿磕署
7464,牙咏睛
7465,晚噪寥
7466,一陌暇
7467,客标牟
7468,暂钾湍
7469,耸廉晃
7470,路倾赦
7471,镜强短
7472,慎碴琶
7473,裔荔豪
7474,址把痔
7475,皿匆肿
7476,睹熬臼
7477,掸痈琅
7478,国祁识
7479,盖瑚荆
7480,疥铜锻
7481,贝框域
7482,窟裕产
7483,刨睦狄
7484,报汛周
7485,需楔拓
7486,房申掷
7487,沈搏痒
7488,了戴涣
7489,腕泛赊
7490,豁卧放
7491,道夷俏
7492,斜侧幻
7493,撇陪骗
7494,避蜡赏
7495,吼旭续
7496,店绥授
7497,盘莎氓
7498,棺嘉抿
7499,瓤睛蓄
7500,曲董杏
7501,奴埋凶
7502,柳醒楞
7503,贵肄辊
7504,畏且侮
7505,中饭艾
7506,眩悟儡
7507,裕燕肘
7508,躯翠罚
7509,截铺刁
7510,龙只瞒
7511,汤冗恃
7512,戮昏维
7513,察剖多
7514,淋拇暇
7515,事搀党
7516,喻均摇
7517,恕父珍
7518,时查旱
7519,砒励范
7520,谬煎矗
7521,似毋喳
7522,朋免姬
7523,苫锹贯
7524,禹炙男
7525,凄特屡
7526,既四冲
7527,说赐刃
7528,榨末痉
7529,亚的晦
7530,朋录费
7531,百嚎分
7532,惶放栏
7533,帧画先
7534,纤钾秘
7535,筏哉掩
7536,乘训译
7537,蔑收抢
7538,中降大
7539,洼吁隘
7540,奢卜嚣
7541,侯轿折
7542,婶患胺
7543,馒久封
7544,势嫉狗
7545,似答彤
7546,也志氨
7547,鞭碗杰
7548,搬延忠
7549,起梗汗
7550,天赠康
7551,鹿醛早
7552,会腿晶
7553,违秧骑
7554,寿琶刮
7555,妹圭钾
7556,吏噎领
7557,叫鲤察
7558,零礼仲
7559,咎谐铜
7560,俺始融
7561,湾硝撮
7562,蓝吧腑
7563,劳容返
7564,韦盼辅
7565,烛席钾
7566,跺竹拾
7567,频冉贝
7568,低洋素
7569,深悲竟
7570,肛账盎
7571,狱销凳
7572,淖秋遗
7573,鸵亏陆
7574,蒜忘框
7575,忱督搭
7576,探电此
7577,恼民掷
7578,曹新炸
7579,诣窖筐
7580,躺簧枢
7581,具丑圃
7582,舷颗池
7583,馁哨似
7584,蔡毫难
7585,析抄怕
7586,檬枫涂
7587,沈雪嗣
7588,拉凑闪
7589,巾啥班
7590,板诬旺
7591,靠含株
7592,捷熄翠
7593,糟隙个
7594,害结背
7595,驮己腑
7596,渺捍频
7597,猪盘泉
7598,铂由都
7599,怒肆弗
7600,柠杏耕
7601,镜其邦
7602,量时馅
7603,放提衔
7604,能鄂障
7605,傣赡魁
7606,滁毫休
7607,绿蛙覆
7608,醒臆辫
7609,钢折糠
7610,枕杂楼
7611,某拾蓄
7612,笼壁鹏
7613,侄珍沸
7614,迭酵官
7615,完获之
7616,鼓处致
7617,哦难口
7618,兴写紊
7619,碾暴虞
7620,阑称毋
7621,汛齿曲
7622,粒荒陛
7623,惦吭驳
7624,蔼什观
7625,砒尺哇
7626,称然钩
7627,宪颁陕
7628,泽力墓
7629,陶预亢
7630,耳撂狂
7631,奖绿酝
7632,拖澈匠
7633,潭苛房
7634,弛剁梭
7635,黔谓邓
7636,忘刁檀
7637,晤愿劲
7638,贰稿渭
7639,央椅绦
7640,匿怜枫
7641,抽肖蒙
7642,漓靶厅
7643,兄猴妹
7644,帅敛喜
7645,万峙丑
7646,颐雅缓
7647,惫瓶锡
7648,彦促蛰
7649,铬嘻侣
7650,裤墒匀
7651,怒阀剖
7652,酗民斩
7653,患余仟
7654,把厉啃
7655,愈撂长
7656,竹饥幽
7657,惋撕碉
7658,鸭刮舌
7659,谦宋琅
7660,敷譬鹏
7661,豆茧疡
7662,计砍夕
7663,呵孤唾
7664,靡氓暗
7665,街花魂
7666,拾狱导
7667,诬可邱
7668,这也纤
7669,杜漾恶
7670,扒谰叙
7671,线逊肯
7672,提汲的
7673,等侵驰
7674,葬乡让
7675,嘉园狼
7676,唾缄崔
7677,挨例匠
7678,五用酗
7679,蔼狸詹
7680,口夏啪
7681,电翘振
7682,般画三
7683,系赴衬
7684,嫂死硕
7685,膜公胚
7686,壬根楷
7687,缕杂盼
7688,琳戒涛
7689,之粟仇
7690,甥簿忌
7691,酵思于
7692,扼稿命
7693,齐障婚
7694,饺格丸
7695,秸押炎
7696,凑奸箔
7697,剁氧侗
7698,忿冈比
7699,绊闷癌
7700,拼境别
7701,激粟艳
7702,框藉境
7703,钎狙涡
7704,笑琉苦
7705,臼月坊
7706,谩牲吸
7707,漾檄痰
7708,粉保凹
7709,尼鹏扼
7710,荣慑痴
7711,殆徐密
7712,妒痪苏
7713,捻供侗
7714,栏汤讹
7715,狂奴腆
7716,蝎统条
7717,呐眯像
7718,祸萍回
7719,蓄忿媒
7720,温驹浆
7721,皱涣咐
7722,佩宿例
7723,哟庆谴
7724,拜充鳖
7725,暗与囊
7726,泼雪适
7727,苟朔苇
7728,集匙悯
7729,羌课枚
7730,挽影碱
7731,渣惦箭
7732,勺茧裴
7733,眉龟酚
7734,晾遥睫
7735,唁兔律
7736,步蜜弱
7737,辈尿参
7738,脆酣鸭
7739,研埠临
7740,庞歧寨
7741,县巨镁
7742,矣榷团
7743,痰辞傻
7744,涵轨乓
7745,似钒康
7746,孔邪肚
7747,周播溢
7748,遗镇汁
7749,际劣钟
7750,抬猎停
7751,喝霹喻
7752,职颗吵
7753,谊铭崔
7754,需碰骡
7755,隙腺茵
7756,蛊给水
7757,匆燥钠
7758,涝蚌瞩
7759,乔逢溺
7760,嫂硫斯
7761,舍计漆
7762,也席印
7763,浆爸佰
7764,箱浆畜
7765,槛萄栅
7766,尾穆庞
7767,确氦阶
7768,驭磅籍
7769,欺碧不
7770,绑土鹃
7771,成消耘
7772,溃殆畴
7773,郴潜掺
7774,虹壶剿
7775,戮馏蒙
7776,隧抠里
7777,蓄倦悬
7778,歧舷肋
7779,挚圈傻
7780,靖谦美
7781,度撇蝗
7782,拓艾盐
7783,辰鲜钡
7784,蒋碗潘
7785,痴吕柱
7786,炽炊磁
7787,跑邑殴
7788,初伎姑
7789,邱诡翼
7790,阎殷陌
7791,牲叛爸
7792,垫别进
7793,凌很困
7794,墒劳努
7795,拈颜零
7796,戎遇到
7797,穴湘畜
7798,佩啃忙
7799,疗冠尺
7800,盅篓褂
7801,槛辛腐
7802,职和切
7803,宫充麦
7804,褥塑谤
7805,茸饭斤
7806,厉三烟
7807,谱晌街
7808,重苛拭
7809,部摆世
7810,链版持
7811,达昏病
7812,悬扳邱
7813,俭八卯
7814,沫店贰
7815,馅避府
7816,锰危床
7817,逸无万
7818,灾惺怒
7819,惑谢机
7820,傻酿陛
7821,湿郝阐
7822,水麓耘
7823,微搬证
7824,巡臭多
7825,咆榔眯
7826,窒骨猎
7827,雏杀颖
7828,涣彩帛
7829,塘尹交
7830,即轮喳
7831,镭肩尸
7832,温他带
7833,记卧裕
7834,盗侯涝
7835,曝拒谨
7836,质狸赡
7837,只哉兵
7838,须馆芝
7839,质预长
7840,愈釉商
7841,贩猩雇
7842,裳锭锗
7843,巩邑犊
7844,瓣寅待
7845,硒绷骏
7846,垄温吠
7847,翅期篙
7848,姻滥攀
7849,月伯秩
7850,坝炯膝
7851,各景椰
7852,妇窝弘
7853,狗臣午
7854,贯峰盲
7855,货谭嫁
7856,蔬佛诸
7857,菌戳雇
7858,荚算境
7859,罐额征
7860,微蹋歧
7861,衅寨脏
7862,蛀粪躯
7863,疆寺妖
7864,命彰扛
7865,伙烘黑
7866,惋狭百
7867,慕汲棵
7868,瞬李橡
7869,尿苑娠
7870,肃迭藻
7871,栖径凛
7872,君湛荫
7873,土衰糜
7874,抚捻券
7875,盘根票
7876,峡猿傲
7877,虏摧驹
7878,铝咖六
7879,季裁迂
7880,肋哺擒
7881,赖嘎扔
7882,软戌斜
7883,宝逞渐
7884,僳怀历
7885,腿芒翘
7886,骚谷幂
7887,陌捌响
7888,蝴涂仁
7889,臀进轴
7890,腿时杜
7891,滇够赂
7892,奥湛谤
7893,墟乒羔
7894,厦迁诫
7895,跋僳冯
7896,膘桃伐
7897,埃仁络
7898,危迪敌
7899,目捏每
7900,昔顷羞
7901,只谩掩
7902,蔑康叼
7903,且荫椰
7904,逾倘搭
7905,忘珊糯
7906,铸颈存
7907,掩责拂
7908,施檬邀
7909,秽幽旁
7910,泽茶龄
7911,域渝寥
7912,凶冀龟
7913,乡镇郑
7914,痊笆嚷
7915,宽煮底
7916,笑锻矮
7917,划鳖甩
7918,骋泡严
7919,耽囊陵
7920,量汀派
7921,并埃蕾
7922,苹兑猾
7923,喝学谗
7924,敲噬怔
7925,赡丈处
7926,抗芬疗
7927,善侗菲
7928,卿祭削
7929,菜韦辗
7930,园肋惶
7931,噪龄辑
7932,蹋剃骤
7933,契慈忆
7934,鸡隧税
7935,拴蜡唱
7936,命逼耘
7937,劳职附
7938,波妓椿
7939,午本巨
7940,浑噪废
7941,淋谴炬
7942,饵郧漓
7943,蔽刽墒
7944,违鳞渔
7945,吕验惊
7946,慎再盛
7947,嫡笔芭
7948,佰获眉
7949,街序捆
7950,涉妄沪
7951,伤旁高
7952,邵某防
7953,物望膳
7954,乒优易
7955,优藕工
7956,闪叛拖
7957,拎醋临
7958,蛾媒择
7959,鲜殿钦
7960,芋勾赠
7961,厕腹畏
7962,肋蜕逢
7963,娠沏呢
7964,萍韩拷
7965,穗拐晾
7966,出玛彬
7967,尉体柜
7968,坤掸宣
7969,撮竞馆
7970,嗡衡辆
7971,虎但佰
7972,命芹贼
7973,蚜氖咱
7974,辐呢苹
7975,屎懈饥
7976,琅恐勉
7977,馁脯苏
7978,卢锚母
7979,皑邀诗
7980,崩栖沤
7981,肃甘捕
7982,删刷帧
7983,输詹蓉
7984,永轻嚎
7985,挛眉摈
7986,跋竞章
7987,野廊样
7988,懦标咖
7989,起交忧
7990,夷篓悟
7991,釉幅魁
7992,天挡呢
7993,彝凳屏
7994,程乃咖
7995,菇戮皑
7996,箱谦吟
7997,绎泻械
7998,职快后
7999,跨牢缴
8000,糜以渗
8001,磊焉以
8002,畸绰庇
8003,讶运虏
8004,办实乙
8005,声店拣
8006,愤案栓
8007,拆镭橇
8008,圣簇丸
8009,辖锈伤
8010,士石伶
8011,局涩话
8012,搀挫都
8013,零趁钓
8014,透秩哟
8015,奄起嚎
8016,盟偶狮
8017,裔沮匡
8018,旦秆塘
8019,骚群洛
8020,赤捷蚀
8021,枢与孺
8022,振逞帮
8023,晶绿亨
8024,棘谤蛋
8025,厘肘八
8026,近扑敦
8027,鳞褥攒
8028,截铸策
8029,极柑沫
8030,方病掉
8031,抚艘赣
8032,爷骨锣
8033,竞确恼
8034,埔蓉呵
8035,虽凯赏
8036,忆权烟
8037,抹扳弄
8038,岳腔巳
8039,腰用管
8040,围堪嘘
8041,掠恒寻
8042,扬毫异
8043,瞳裴撂
8044,塞呵喝
8045,算竖备
8046,围书睁
8047,赴胆禄
8048,祈裂翁
8049,站捡蔡
8050,罢攻忧
8051,纠蛰羽
8052,戚阿矿
8053,痔鞋亢
8054,肠申魏
8055,虽肘甭
8056,拔丸欧
8057,粱外奋
8058,门织证
8059,袱锐映
8060,宅奥绷
8061,那叫舶
8062,焚鼠缄
8063,谦辗耻
8064,缓逻癌
8065,羚腰媒
8066,栏朴廖
8067,责斡溪
8068,汹迭据
8069,灰唬缔
8070,拭烈灯
8071,樱楔司
8072,惶权狱
8073,竣讹迎
8074,井锗哩
8075,找苟棺
8076,倘戍豢
8077,莉括吱
8078,撅哟忠
8079,敖纺恒
8080,秤誊炬
8081,德霞卡
8082,绣尚跟
8083,彪爸是
8084,造渊拱
8085,门签甜
8086,溺讳晃
8087,朋吨肖
8088,别抿瑰
8089,肪梧裳
8090,疏泼宦
8091,汀钒纤
8092,穴棺膳
8093,水老摘
8094,赢闰古
8095,醚绝率
8096,眼崖百
8097,哇星沫
8098,兆佑夺
8099,予漓板
8100,搁框匝
8101,逃胯扔
8102,伪槛岩
8103,秀譬国
8104,蔷厨片
8105,龚拧藻
8106,驱焦哨
8107,嚎堵聂
8108,胀仲骆
8109,笔义道
8110,昧蛛雅
8111,紧砚你
8112,庐牲显
8113,戈伟迄
8114,迫曼衅
8115,腮此北
8116,讫谬嵌
8117,抱楞屹
8118,涝驯邻
8119,纽末页
8120,噪命鼎
8121,铡涣朝
8122,涌犊蛊
8123,缠顺玛
8124,睁倡及
8125,儒纹慑
8126,卤魄逗
8127,蹄弟腔
8128,溺讽撼
8129,匙锄疟
8130,贯呢桐
8131,许氟衡
8132,畔舒贼
8133,陋晋箩
8134,鳃蔑构
8135,汐拜蹲
8136,胞误券
8137,康积丸
8138,南巾圆
8139,笔战安
8140,系灶檬
8141,谍母剔
8142,陪确犀
8143,焚畏舱
8144,善仍推
8145,活买均
8146,铭瘪泳
8147,墙沤蜕
8148,订简么
8149,毅卧启
8150,蔫其播
8151,疾脱柠
8152,端敲帝
8153,羊素缚
8154,事鲜垫
8155,霄抒嫂
8156,戈豆但
8157,乘绸讯
8158,宰量暖
8159,莫树滞
8160,得囚葛
8161,拇针硫
8162,搓附嫩
8163,嘶恭篮
8164,苑崖把
8165,秦屑补
8166,旭北伟
8167,囱箭饯
8168,觉没姓
8169,众峨平
8170,廷路釜
8171,班卞揪
8172,璃惜矽
8173,舌眯竹
8174,盏狙慧
8175,褒倪较
8176,仇禄阴
8177,芹京江
8178,豹凄涸
8179,械她胜
8180,皋牙毛
8181,坟驶又
8182,丽攒勤
8183,疼屎描
8184,贺旭珍
8185,厌谣薯
8186,贵者掘
8187,室恫去
8188,植盅闷
8189,譬烦邀
8190,瑰莽过
8191,郝生诚
8192,沪萄冲
8193,震鲁捐
8194,郊寿镶
8195,贮介憨
8196,溺呛世
8197,侥岸受
8198,展蛔黔
8199,润向畏
8200,看猾巍
8201,灿仲乙
8202,烹捆集
8203,庚褒抢
8204,不沼龟
8205,寂银趴
8206,鳃雁摔
8207,弄挠云
8208,留呵浮
8209,褐伤抄
8210,蔫饥蹿
8211,呻龟宅
8212,较伤赞
8213,起炽超
8214,皿迈蠢
8215,瞎墒拘
8216,田茬凤
8217,鲸秉朝
8218,肿标钦
8219,迂相冶
8220,辩诬畜
8221,筛拉声
8222,根由企
8223,弃沽虫
8224,至臃亡
8225,伐社窝
8226,角贵茎
8227,笼趣翱
8228,台千阜
8229,曙经侯
8230,田伏踩
8231,穷茅尧
8232,藤源迢
8233,巷斥锡
8234,卧沫痰
8235,狄郧暴
8236,煞欺砰
8237,炸露员
8238,氓逸椅
8239,妨寓使
8240,集沙潦
8241,掸卫底
8242,匣浓孵
8243,闲嘛译
8244,冯究借
8245,膜斥递
8246,茹还繁
8247,季叛杖
8248,耙袄略
8249,盈榨本
8250,恶荚袖
8251,盂环掩
8252,性酸态
8253,酞棍厌
8254,砾杰俏
8255,遥汐霜
8256,弊轮寿
8257,泡桔缠
8258,嘘汹煞
8259,孪显个
8260,彝令短
8261,抉动插
8262,琅览坷
8263,汰祥沛
8264,抵隆解
8265,祭丙贸
8266,咆敦斥
8267,隧的问
8268,膀废砍
8269,讼煮谭
8270,芋攒豆
8271,颇仁虾
8272,碱碌零
8273,辛礁寇
8274,郑季秧
8275,驳馈棺
8276,值旬铝
8277,寺屿揖
8278,尉球常
8279,还坎乔
8280,衷拉惮
8281,将牲策
8282,万锭青
8283,趟堵册
8284,乌详力
8285,说胖妄
8286,毋辖百
8287,宅凋价
8288,浑暴就
8289,本撒沮
8290,布募知
8291,牵弄匠
8292,乌腊喳
8293,挥匡瘦
8294,淮绚诣
8295,蜗甫峦
8296,找卜事
8297,桔搐版
8298,从窥微
8299,衙周窘
8300,咒镰诉
8301,硼淡勿
8302,室椽泅
8303,固倘绞
8304,衰贪游
8305,销橙型
8306,戮彦位
8307,藏旨眠
8308,镭送灭
8309,辩铡咋
8310,斧辞胎
8311,什宏腋
8312,鹤果辽
8313,冯掣栽
8314,腑饰瑟
8315,拄坪皂
8316,狞标荚
8317,悬著蛾
8318,话本撼
8319,妥炒泳
8320,探燕痊
8321,薛烈颁
8322,仟套咯
8323,怀热记
8324,哦签蛮
8325,冈刽刀
8326,酞禹储
8327,启琶尿
8328,殷它寐
8329,阔栏人
8330,洒蔬朔
8331,悸胎姨
8332,逃汝敛
8333,甜潭升
8334,凰嘿挺
8335,员补玖
8336,伞笋镍
8337,顺铁碰
8338,扛释狼
8339,笨搅种
8340,贤台撑
8341,御似撒
8342,彬食吾
8343,勿娠具
8344,揣流芥
8345,同谢舀
8346,稍遇袖
8347,饵搁拈
8348,献纸北
8349,夹弥丽
8350,亿投铭
8351,厚善拍
8352,卢挨合
8353,膳泄悟
8354,浇虹圣
8355,辣府桶
8356,乙纷萍
8357,雷碎帖
8358,寞埔侨
8359,猎吻柯
8360,州聂壕
8361,煌舅辑
8362,穆哭孙
8363,劫分练
8364,脑霄孩
8365,己操香
8366,跨仕坏
8367,淡否葬
8368,衫淬四
8369,厨霹伊
8370,爬灿份
8371,察训逝
8372,诬眩悍
8373,待镁瞧
8374,薪瘁恿
8375,港揭吩
8376,冶邮潭
8377,划瞳酉
8378,汉芒矩
8379,谍剔戮
8380,考锣苇
8381,挽疏瓣
8382,僧廓态
8383,睫糖醋
8384,韧疚辨
8385,巢面猎
8386,旨洼盏
8387,佳默笋
8388,缩沁卯
8389,肋咎纶
8390,告溪粥
8391,曳拿跪
8392,悄旷杏
8393,炕犁沸
8394,津你配
8395,惭应磕
8396,既掣销
8397,华尸茂
8398,奉疏哨
8399,愚汗雾
8400,嗽娜译
8401,脓漠野
8402,酶夸过
8403,黍涣胡
8404,瘩酝簿
8405,更躇堡
8406,塘桐恢
8407,普沤寡
8408,嘶卸奶
8409,硅帐加
8410,幕浆截
8411,壹丢菱
8412,瞻绍哇
8413,夺捷回
8414,冒乞钮
8415,知梯颂
8416,佰基独
8417,络泳偏
8418,剁鸥丈
8419,闺隙蓝
8420,绣魏浇
8421,忻蔓楼
8422,暖辊箩
8423,民即獭
8424,葱黍真
8425,砧恨液
8426,泻停惩
8427,柠趁馒
8428,萎具袭
8429,譬鼻弊
8430,柔间惯
8431,泻朱副
8432,搏贿腥
8433,并舵境
8434,膀沛镐
8435,帅伞笔
8436,窃涵探
8437,实吁伞
8438,神嗽胚
8439,掘级旨
8440,纺屡楔
8441,绍章繁
8442,久操星
8443,雄空天
8444,沽粕脾
8445,罢挺课
8446,逛亲庸
8447,价瞳汪
8448,忆募驼
8449,铅铲潞
8450,衅布铀
8451,喷吏菌
8452,扣照贮
8453,敢位墩
8454,凌讼戏
8455,馁辉势
8456,啥瞩又
8457,间惨声
8458,解要己
8459,禽戮滤
8460,绚巴赞
8461,径篇卫
8462,披耙聘
8463,症耽凯
8464,弛垃呵
8465,褒迭莽
8466,洗朵港
8467,述治弦
8468,痘涧鸣
8469,龋院闽
8470,曹铆某
8471,黎汪球
8472,鼓仑份
8473,孪尘种
8474,碎东腰
8475,耕福联
8476,泊锅阜
8477,型氯泞
8478,若闭拨
8479,霓轨若
8480,街互荷
8481,悔朋竖
8482,哲娠险
8483,赛讥禽
8484,贴辉路
8485,洛芭向
8486,黍吮恿
8487,悠乃锌
8488,嘶涉姑
8489,葛弄庸
8490,戒馏篓
8491,境吐互
8492,仙卿鸡
8493,贤楞蒲
8494,壬纬份
8495,显彭料
8496,弘七兽
8497,操贵沤
8498,睦残骤
8499,黄防眩
8500,曳理绊
8501,示届诵
8502,爆妇铁
8503,先媳禁
8504,匆烙信
8505,瘩秩孟
8506,宽俩厩
8507,蹬连壳
8508,万履德
8509,哼卧夜
8510,民蒂健
8511,街辈逐
8512,同侧景
8513,骂鱼燃
8514,否奇宠
8515,世御馁
8516,祈愈兴
8517,咽膜如
8518,压忽剑
8519,畸龟屁
8520,梁炯牡
8521,历片戮
8522,缨湍率
8523,侄厌眼
8524,攻浮尺
8525,火蔽悔
8526,蔫徽瓤
8527,粟滔蹦
8528,填搅矿
8529,臻榜恫
8530,奔蔽舍
8531,孽朱瓤
8532,情屑耐
8533,彤疲圈
8534,痘描抽
8535,敝半策
8536,脏嘲及
8537,刻吕禹
8538,洱刘办
8539,床苇檬
8540,锗啮婴
8541,碳疟悄
8542,铺根巾
8543,颐倔亲
8544,供镑伺
8545,帕彬懈
8546,蛙涯壶
8547,吃耿煌
8548,橱才铁
8549,雇腾心
8550,淆喊馈
8551,他死谴
8552,汇筹蚂
8553,起朱尧
8554,鸥扛毒
8555,帖舍淳
8556,模肘仲
8557,咐诚豆
8558,赊锑障
8559,愧翰鲸
8560,辈燕阳
8561,蛊系称
8562,尧章砧
8563,隔拒背
8564,赶矗点
8565,诊酬袱
8566,绊吞侣
8567,噎绍毯
8568,醋抛谴
8569,毋搞傣
8570,遍悬之
8571,窄响江
8572,啦心吞
8573,每按兑
8574,娟歉待
8575,这蜜见
8576,窄霹译
8577,其佬徊
8578,略诊形
8579,湘寻洱
8580,儿佳端
8581,厅密婉
8582,釜格惑
8583,负寓桂
8584,弘埠局
8585,杭砍巳
8586,寺蘑娃
8587,演仆藻
8588,捍郴科
8589,绷兔铰
8590,反哆牲
8591,几呢界
8592,蓉荒饯
8593,挛痈韶
8594,沁斯珊
8595,膘肩瑰
8596,绥刮君
8597,绣募救
8598,缝饱友
8599,粹肯取
8600,谁揖酷
8601,帝隧券
8602,爹驮产
8603,炮趣评
8604,培绝趋
8605,坞咯镜
8606,赣入弃
8607,渴肝绩
8608,坊淮硝
8609,味义溺
8610,碗尉阳
8611,藩纶烁
8612,半考拍
8613,恃痕脱
8614,淖祈江
8615,哩古些
8616,染会寄
8617,所喊荧
8618,斋拼檄
8619,梯虚悯
8620,嚼扶愿
8621,苦滚父
8622,邢筷写
8623,沼筐舀
8624,心坡别
8625,侩寸陌
8626,仆祸挚
8627,响畴硝
8628,葛历肺
8629,敛想扔
8630,僵病钡
8631,振泌掇
8632,眠爱邪
8633,痉器掺
8634,而释揪
8635,袜肃禽
8636,倍咸疏
8637,膨短醒
8638,象皆惫
8639,盂搭煮
8640,厩吮剃
8641,桶诈凋
8642,鼎粹昭
8643,伏橱拇
8644,狡妇瞧
8645,匀执斧
8646,卡禄三
8647,野扛貌
8648,卉赌夜
8649,业暴钩
8650,束衬钳
8651,岸叼贤
8652,诲揪瞪
8653,竭坑锗
8654,播贰浩
8655,域陌泼
8656,疹坊侠
8657,馋当寅
8658,筒戳热
8659,拍非砌
8660,絮砂详
8661,召骨卸
8662,俺到区
8663,国辞察
8664,础钮嵌
8665,猴副皱
8666,员甲律
8667,现郭骇
8668,篙今略
8669,跌液疤
8670,厅颗蔼
8671,绊叹雍
8672,性僧钒
8673,救瓦肯
8674,有棠桅
8675,治啼蝇
8676,躲丑撕
8677,钠疮爵
8678,头帮搐
8679,闷隅痊
8680,秆剁联
8681,舀点诌
8682,芳镇陵
8683,鸯宋良
8684,堡翠庭
8685,酬混勃
8686,蝇尾丢
8687,捶鸿嫂
8688,僚愁忿
8689,叭婿粥
8690,些擎钩
8691,缕匿胯
8692,潭皱擂
8693,愉堰谁
8694,涧倍酥
8695,鲤嵌儿
8696,忠竭幻
8697,乐窍闪
8698,拔挂勤
8699,填判好
8700,市敝嘱
8701,僧曲沛
8702,舵雍骆
8703,烛户阐
8704,翰倍忠
8705,三厌讳
8706,屿鄙彦
8707,亏啥喝
8708,胶治俱
8709,试毅依
8710,磁嘻耍
8711,乱于轻
8712,狄暮燎
8713,历尧赵
8714,戌乍疙
8715,篇虫凛
8716,甘痔改
8717,颐止估
8718,痕恳叼
8719,诊标柯
8720,醇风效
8721,办赛掌
8722,窗枯磕
8723,箱骗哀
8724,毡旺醒
8725,她烦坏
8726,刨兵该
8727,圣绿羞
8728,究剪誓
8729,缓砚籍
8730,顷缠搽
8731,套桔荷
8732,罚制谜
8733,妻皋裙
8734,现绎腕
8735,培额硷
8736,旅您豫
8737,逼国胰
8738,浩狰勒
8739,日揉裹
8740,蹲化朋
8741,萤奴拐
8742,命尹裔
8743,拢呻胆
8744,琳处倡
8745,熏勉实
8746,潦绚灭
8747,熔本扬
8748,暴贼粗
8749,缨前僻
8750,络捻而
8751,粹概怕
8752,怖葵谤
8753,望袁蓝
8754,品弘凤
8755,侄蹦能
8756,嫩悟瓤
8757,俊譬概
8758,燥衬谊
8759,困恶须
8760,水超晕
8761,涯帝披
8762,联玛衫
8763,铡窥兵
8764,制尹柿
8765,果攻禹
8766,考斡空
8767,笆到拧
8768,杏畏擂
8769,络厌柒
8770,绩阿境
8771,信讯社
8772,崇莹略
8773,慰踊摔
8774,纫胁佣
8775,声雅蘑
8776,蓟粱拷
8777,狗绘福
8778,粕恶尔
8779,醇糕伶
8780,铆沼陇
8781,柳由踏
8782,镣辗脉
8783,帚颜藉
8784,蝗奶锻
8785,栗窒狡
8786,壬鲁融
8787,晚佩茹
8788,疟厨是
8789,汪沈季
8790,厅耘厦
8791,壳侨苇
8792,磅莽八
8793,某剖度
8794,雕缅起
8795,眠轨院
8796,饭袒蒜
8797,芹笔掳
8798,贪彼蓬
8799,谓苞龙
8800,门波看
8801,肌有抹
8802,蓟任辈
8803,泞吹霞
8804,看斤聪
8805,溢崩讣
8806,允嫂锄
8807,馅弧楼
8808,拆瘪硅
8809,狐通撤
8810,咋潘京
8811,锡蛛耗
8812,坡肆诀
8813,厨杉唬
8814,术脆缺
8815,诌捡躺
8816,藤戍明
8817,嘛打拜
8818,痞钝被
8819,萨术堪
8820,钟朔挡
8821,校阉桓
8822,敷熏寻
8823,今庞赂
8824,志跳菏
8825,澡乘擒
8826,私蔼脏
8827,屑腥兰
8828,盎辱秧
8829,刨窥拴
8830,啮击韦
8831,鹊坷醋
8832,蔼丸茸
8833,跃晋沉
8834,馁砷查
8835,襟鼎蹬
8836,餐哮将
8837,灶骡脏
8838,序阜蜡
8839,拾钩查
8840,变忽肯
8841,都辰睁
8842,炒帘兼
8843,斧挑段
8844,沃曳备
8845,麻纯嚎
8846,瘩憎后
8847,探瞄休
8848,柄嘉凭
8849,展垛闻
8850,戌活张
8851,蕊础框
8852,蜜惕癣
8853,庸扑挤
8854,拔缄镜
8855,酿谊押
8856,搏霉信
8857,共嗡印
8858,于绣劈
8859,椭肮檄
8860,亿敢仟
8861,铣澄哼
8862,铁十统
8863,蹬思娇
8864,柿栽航
8865,籍穗乖
8866,支膛疽
8867,赞毁堑
8868,泣蔫蜀
8869,师钎土
8870,断稿匈
8871,吝精技
8872,演仓痘
8873,沸稚柄
8874,箩疙橇
8875,灶列幻
8876,缅铝草
8877,尺肯拟
8878,掠橙即
8879,渗将爆
8880,尤缄差
8881,瑚券罚
8882,竿杜焊
8883,刺援星
8884,丽欧吮
8885,恤譬纳
8886,臀汗爵
8887,驱雍离
8888,兼拂暖
8889,腰米方
8890,窍恍滨
8891,创娘贵
8892,曹申蜒
8893,估崭拘
8894,度旭控
8895,吉阑盐
8896,唐僧明
8897,砷绊护
8898,七慨严
8899,员樟猪
8900,棵警排
8901,脸窜邢
8902,态柴琴
8903,赞探债
8904,具塞沙
8905,览唯澳
8906,歧笨伯
8907,哑孪聊
8908,芽蚜糖
8909,矿督遍
8910,酵敌果
8911,核尧顶
8912,涸祷懂
8913,永亩旧
8914,格夕马
8915,悄盆幸
8916,很础森
8917,宝苑国
8918,碎磅氏
8919,那殴珐
8920,替疲挡
8921,讨毁整
8922,瞬骚西
8923,楔担惹
8924,彪拜迁
8925,豪惫疤
8926,咐纶傣
8927,百晾囱
8928,默背赌
8929,耿凭伏
8930,儡捣措
8931,傣受科
8932,救往倦
8933,停集擂
8934,梭宦枫
8935,圭抬蝎
8936,挞灿掷
8937,萤腕瘦
8938,俯劲好
8939,盖署伸
8940,掖本门
8941,坎憨谋
8942,塘脸镇
8943,炒仰鳞
8944,绥皱踊
8945,希碱耕
8946,也始笆
8947,镑摧丁
8948,辊欺复
8949,锑磷么
8950,湾亥禽
8951,埋篇肠
8952,绕角贪
8953,奄轮帅
8954,斜答媳
8955,披舷估
8956,颊笛歌
8957,贩驮币
8958,爸根院
8959,析蒋热
8960,和惊荚
8961,亚寞博
8962,薯帜罩
8963,獭垢江
8964,夫乙藩
8965,污朴当
8966,篷蕊豫
8967,雄蹦截
8968,郸使盘
8969,九岩床
8970,涛赫券
8971,锹垃更
8972,烛恰学
8973,扎党姥
8974,颂踏慌
8975,妙喂玫
8976,豁涌昭
8977,豹眼蝎
8978,平悯婉
8979,幻合老
8980,塌秤咒
8981,庞京捣
8982,潞刑哺
8983,稠视淑
8984,踏巍庞
8985,盛方铰
8986,扬植邪
8987,及人佳
8988,脖酷栋
8989,经鸿大
8990,徊措皱
8991,甩候衡
8992,群何秽
8993,茬为挡
8994,的奸贤
8995,笔核瞻
8996,弦粳翘
8997,孕买诗
8998,盂乔濒
8999,跌姓糊
9000,妖狡惨
9001,序偏竹
9002,月铁耘
9003,药讽霹
9004,回彬鞠
9005,粟约启
9006,够圆腔
9007,偷呀硼
9008,杭切淹
9009,鞋印淋
9010,须辙纪
9011,耙剁肾
9012,色糠龄
9013,船瑟坚
9014,驯谋腾
9015,垮隧嗣
9016,垣烘搓
9017,础造羞
9018,轿剃珠
9019,量碟漾
9020,添昆邮
9021,滦驭犁
9022,痢虫身
9023,涕汪垦
9024,考亩锐
9025,矢应臆
9026,漠首魄
9027,滤鹃嘛
9028,耸饱蓬
9029,夜挠孔
9030,饰虱恨
9031,顺聊如
9032,拒垂哮
9033,宇樟浦
9034,盔讼飘
9035,寐虫挠
9036,鸭筹皖
9037,辫蚜把
9038,啪淑碧
9039,系吃寄
9040,崎托涂
9041,篡努列
9042,瞧曰峪
9043,捷萧根
9044,有著鼻
9045,攘辊箭
9046,囤磷至
9047,郧大移
9048,黎备歹
9049,幢摘石
9050,富万懂
9051,忆锯黔
9052,圣秘圭
9053,隆袖朴
9054,略攘轿
9055,备羡核
9056,膳谎腐
9057,乾厂踩
9058,押驯即
9059,乘茸筒
9060,话骤贬
9061,千阳缩
9062,魔星牡
9063,均林各
9064,竞磁松
9065,鸟旷语
9066,硅炭赠
9067,秀梁颤
9068,笔粳腆
9069,顿粮孔
9070,插栏楔
9071,胖宇橙
9072,象沏襟
9073,延晤妙
9074,圃摇拎
9075,返暑洁
9076,锌馅帧
9077,任搞稻
9078,涤箩蛤
9079,涯春挞
9080,萤腻畦
9081,瀑割埂
9082,净匡谗
9083,息慨况
9084,嗜购留
9085,未毅仓
9086,唐婴睦
9087,胖折镍
9088,卢奔锁
9089,企描伏
9090,诬盘扇
9091,和夏价
9092,湃衬寞
9093,孪颈侩
9094,扛堡丢
9095,桑盾葡
9096,疽卞伎
9097,咖椿铂
9098,捅芦旗
9099,咀峡淤
9100,缅副裂
9101,箭显伯
9102,瘁琵川
9103,膛告樟
9104,瞒聋俱
9105,诗描大
9106,炎奶楞
9107,具杀锯
9108,终援髓
9109,嫂洛汤
9110,烷嚣限
9111,椽账剔
9112,杠结筐
9113,就笼膊
9114,礁纬稽
9115,谰裙疑
9116,惹决阁
9117,际狮隘
9118,塞鸽帽
9119,疫鼠拷
9120,睹僻破
9121,报晶惧
9122,逊酋墩
9123,独押长
9124,对芹址
9125,祷尔囤
9126,物钞嘎
9127,侩穿帽
9128,弹褒伐
9129,硷悼独
9130,恶域雨
9131,捆遁块
9132,室默幂
9133,输渺脯
9134,摔拿稿
9135,禾姜衷
9136,搬惮扇
9137,然问庭
9138,执概那
9139,桑疚御
9140,译怪楔
9141,巩炉杀
9142,冶醛泄
9143,膜遁军
9144,扁菏狞
9145,益中刑
9146,真快柿
9147,愤用排
9148,酚菲夯
9149,赔迭尾
9150,闸怯汉
9151,赔米骗
9152,蒋崇受
9153,涌载市
9154,乏梢蠢
9155,桑恳留
9156,拷弯蕾
9157,呢贝肪
9158,剧带擦
9159,减涉杰
9160,谬顺戌
9161,营赌分
9162,绝同滞
9163,类添躁
9164,挂任颊
9165,仿雏入
9166,障坡罕
9167,介琐撒
9168,搂猿陌
9169,冕鳞柔
9170,缺臭峨
9171,拐轰洋
9172,场蝶敢
9173,秀唁股
9174,阀欢赋
9175,秃买洲
9176,葬风捆
9177,涝捞丸
9178,赠粤双
9179,留按路
9180,泳恋窍
9181,势鸥锁
9182,从邦绊
9183,掩顿捞
9184,演讹沪
9185,翱干炯
9186,铅喂隔
9187,嫌仁诉
9188,羽侧磊
9189,豫傣屯
9190,拷索讶
9191,哥初涂
9192,刃底盈
9193,朗愉戮
9194,移踏整
9195,挝讶效
9196,友琉讥
9197,碧蘑架
9198,玛鹰炒
9199,铲浩苗
9200,皋营俩
9201,乐嗡翼
9202,搭孩撤
9203,俺文狙
9204,囤率卉
9205,胚饱瘪
9206,朝沃坚
9207,珐善客
9208,登梭熄
9209,蒙戴新
9210,咆译冲
9211,稗吱韦
9212,索侵百
9213,狗溪脊
9214,妒烽谚
9215,揽铝疗
9216,氟始瘪
9217,骄潞幽
9218,盐温虹
9219,趁按则
9220,蔡腹莹
9221,擦署储
9222,酸胶鼻
9223,禾蛛电
9224,静虚诲
9225,嘎连聂
9226,害壕镜
9227,帕浦桃
9228,烦摩渴
9229,浆俭楼
9230,屹絮项
9231,鸭绎径
9232,煞洱闪
9233,乳葡厅
9234,疙招织
9235,痔擞煌
9236,北必枉
9237,巧闻愿
9238,淹贸概
9239,泼妹拯
9240,怜绞悟
9241,符孔门
9242,伟侦哨
9243,榴侯寓
9244,塘谰遏
9245,赁捏领
9246,污瘟踊
9247,抑悄她
9248,考倒丈
9249,歇请滔
9250,蚀喇淘
9251,溯照账
9252,恢褥编
9253,便簿濒
9254,竣帜浦
9255,狱嚷均
9256,逆考灾
9257,沮吁呐
9258,猪姻肺
9259,疫复段
9260,案甜串
9261,驹径屁
9262,或败硒
9263,迫胁坪
9264,稿将草
9265,蝗佣挡
9266,满恶纹
9267,毙厦涵
9268,窝立攒
9269,俊济渐
9270,肤陷热
9271,询年忧
9272,殷锄褥
9273,藩载分
9274,品葵轨
9275,清翠欠
9276,赞要据
9277,疑砰游
9278,便吉浅
9279,夷澄蹋
9280,拷硼尹
9281,合滑鱼
9282,粘厕乞
9283,虫贰南
9284,凡东疯
9285,辈鸦顽
9286,癣娜封
9287,杉乏蓟
9288,鸿屏选
9289,烦叙刽
9290,方厦靛
9291,秩丈帛
9292,妒慢挤
9293,买待鹅
9294,蚤倡师
9295,豁枯欢
9296,红卿律
9297,禾侯谚
9298,伪剑缝
9299,侗缠毙
9300,踏助吟
9301,潮坦烫
9302,邀瓣永
9303,邱掂烂
9304,凄矽显
9305,跋遭劝
9306,蕴稽撩
9307,遗踩侣
9308,膳棍憾
9309,馈恋牙
9310,蜜刘檬
9311,瞻分谦
9312,留早炕
9313,狡瓤听
9314,辊湘瓣
9315,天掣爽
9316,茅酉蜀
9317,鞍晒话
9318,倡街该
9319,李韭拢
9320,谈细华
9321,古称今
9322,酣柳轮
9323,路萄还
9324,瞪谩博
9325,衬札显
9326,簿斤耍
9327,著孙痔
9328,康埔川
9329,微蜀钢
9330,竿捶哲
9331,寥鞘噬
9332,盼预墓
9333,蹋伪泪
9334,沮晶仕
9335,粉炯捅
9336,瞄拍鸡
9337,东岔彪
9338,晤睹彬
9339,缕牲材
9340,餐卡良
9341,报厄镇
9342,窘赵褪
9343,您益捧
9344,娄磅倔
9345,拭釉辩
9346,贡旁弯
9347,细挝头
9348,棍呐躺
9349,闭祷笛
9350,鞍涂寝
9351,屯衅拼
9352,秸漂抢
9353,再膏里
9354,挡悦扶
9355,储腿犀
9356,旭虞盛
9357,亮喘黄
9358,鸵侮墒
9359,抑拒始
9360,昼粒饮
9361,条惶汞
9362,滚驹诧
9363,潦治瘫
9364,膳知瓷
9365,道娘甲
9366,怖棉室
9367,理头膛
9368,闯唇心
9369,符某媚
9370,巡轰扎
9371,洞脏狰
9372,吏景妥
9373,喻晰秉
9374,贵荆键
9375,泌灸译
9376,廓豪锋
9377,锹匿嘘
9378,珠设抄
9379,捻记谈
9380,耸砧绥
9381,咐徐腐
9382,球娘侩
9383,构疯域
9384,窝沛卉
9385,罗遭卡
9386,鼠拟旨
9387,瞻雇鱼
9388,章尉喊
9389,柴虏图
9390,弹彼嫂
9391,香姜铱
9392,份古绚
9393,蚀拆牌
9394,邀掷无
9395,篷寺比
9396,部符伙
9397,束磨逸
9398,滥嚷差
9399,上孟沏
9400,邱玛拌
9401,牡急尽
9402,渔摇葬
9403,常免崎
9404,纹勾踌
9405,痒遣健
9406,户孔惊
9407,外腋庶
9408,梯赔司
9409,遣番慌
9410,退琴蝎
9411,浚她辊
9412,扦塑谈
9413,孪蹄拒
9414,袖疹钮
9415,迄滇芒
9416,妮绘镍
9417,期滩恐
9418,泣声屏
9419,隙探灾
9420,姚革捏
9421,啤潘斋
9422,瞄拌戏
9423,蜘隘概
9424,债瑟犬
9425,击渴察
9426,听价衙
9427,拯手磊
9428,雷昭芳
9429,惰迁躁
9430,迎室碘
9431,河滤或
9432,憋直丸
9433,茎联瘦
9434,霄登烦
9435,吓婴赫
9436,藤袄性
9437,渔拒费
9438,虽舔条
9439,瞳棚监
9440,畔父蛰
9441,赁矮男
9442,顾绰呢
9443,蓬呼覆
9444,笨秧柳
9445,叙别划
9446,北午铱
9447,引窜颠
9448,凭诸嗅
9449,催怠蠢
9450,您茧亭
9451,沿珐洒
9452,攒桶日
9453,杠活枚
9454,阂赋祭
9455,硅迢迎
9456,朗殃樟
9457,榔病嘘
9458,伯尖涣
9459,俭霞啥
9460,雕醛巴
9461,杆茹放
9462,刃缺君
9463,些筒拣
9464,许伊霖
9465,概鸡透
9466,蜕惨蝉
9467,另诫淹
9468,猪剃椭
9469,潘愁缩
9470,伐私季
9471,寂点溶
9472,垣止微
9473,丁丰晰
9474,停芋吭
9475,味嫡镁
9476,菏鉴傻
9477,脊室侩
9478,治墟桓
9479,纤壶疯
9480,崇郭廓
9481,硒课撅
9482,敞纹掠
9483,晒薯廉
9484,唆剖饰
9485,绎燃荚
9486,儡照笔
9487,界职斟
9488,国昂贴
9489,连嘘途
9490,针吭氦
9491,全虑牵
9492,咐饰弥
9493,阀慈马
9494,锐财漳
9495,惮松观
9496,赌勒散
9497,泽浅尾
9498,蔗汞肺
9499,会一魔
9500,欧婿贪
9501,爸衔乳
9502,圆椽惮
9503,艾蒜奎
9504,扇钾拟
9505,参方赎
9506,攒感谓
9507,步业壬
9508,酞盔隅
9509,笛犀寺
9510,瘸朱颠
9511,读焙湛
9512,景挎迹
9513,希嫁潭
9514,侯厩狡
9515,霜鸦文
9516,纽牟憋
9517,督芹肄
9518,者刀毅
9519,败湘趟
9520,励棘愤
9521,抛用冷
9522,拯执栓
9523,累曳氓
9524,燃践颜
9525,糠疼旬
9526,为墒秧
9527,拦蝎免
9528,掉乳悄
9529,嗡兰踊
9530,蛾哑浦
9531,味蒜掖
9532,俗梦傈
9533,涸箱犯
9534,队雁戚
9535,解碳能
9536,秦莎血
9537,鹰岂该
9538,郊聊骇
9539,诌啊归
9540,先率及
9541,再唇切
9542,铝怨一
9543,明获稗
9544,址胺敖
9545,簧挪钨
9546,犯狂忘
9547,垫氧抿
9548,蝉置众
9549,砌课蚊
9550,敝翌弘
9551,腹啃镊
9552,松逐恿
9553,斯茫肃
9554,哆怨壳
9555,揽始惟
9556,歧请效
9557,栏累荡
9558,埂臆梅
9559,仙拆挥
9560,重斡筒
9561,铲归诧
9562,方窍绑
9563,幂弘锨
9564,捻埔纤
9565,抽臭娟
9566,已瓜峪
9567,矮升在
9568,绪吹冕
9569,曲扩旧
9570,启溜得
9571,绑高侵
9572,也抱暗
9573,烩访升
9574,汹俯亩
9575,扰堂衅
9576,虹雌歧
9577,刨菜乓
9578,卜踏煽
9579,馆据碧
9580,贼粉财
9581,橱索忙
9582,羡暖祈
9583,柜省曹
9584,训澈八
9585,邦龙刑
9586,镁钳指
9587,宏伙枕
9588,吊恰押
9589,仰稻选
9590,绪帝理
9591,柒砒铬
9592,拧攀圆
9593,兴拘逼
9594,蝗化钒
9595,靶个踢
9596,吠嚎饼
9597,批旷朽
9598,滥趾讽
9599,拭深狡
9600,广延茶
9601,蚤霓岳
9602,决侩铀
9603,俗途赌
9604,兜倒耸
9605,屈践隧
9606,芯增锈
9607,硝眨窒
9608,皿绊杏
9609,沥盲试
9610,矽酬纸
9611,集圃处
9612,胳孔姆
9613,日迢榨
9614,割瑞建
9615,菊野岂
9616,腥肤札
9617,萌愧音
9618,术推鞘
9619,也亨港
9620,放孤茧
9621,掷载或
9622,陵樟寨
9623,妮按茬
9624,说暂词
9625,挨密檄
9626,瑰柳疮
9627,莫团廊
9628,纲撤姆
9629,遇剪腕
9630,托浅锅
9631,漠吐投
9632,乙产合
9633,谨将铀
9634,谈茶离
9635,挎碱乾
9636,贾瑞涛
9637,戒瞪乐
9638,奴喳山
9639,斟伤玖
9640,假咳键
9641,屉疾回
9642,薯帮奴
9643,溺掳淳
9644,较校蘑
9645,霖只冒
9646,侗忌惩
9647,怂富句
9648,边功渔
9649,侧汕赏
9650,铆藐幼
9651,溯著谩
9652,精恤旷
9653,得且轩
9654,浑黎五
9655,剪所享
9656,设考唯
9657,露牛靖
9658,昆杖哎
9659,扔务掳
9660,揩舵稀
9661,栏容排
9662,枢奢婿
9663,隘掣怖
9664,龄鹤洁
9665,榷姓汗
9666,焰砍扇
9667,控龚蛹
9668,妒诛包
9669,滨抹疚
9670,浩盐腥
9671,偏夺扩
9672,濒烽沏
9673,泉部现
9674,蜒凰腆
9675,鲜尤傈
9676,茬拎瓦
9677,貌杉暑
9678,灾秃输
9679,堆橱控
9680,恍常畏
9681,散腥魁
9682,枉沥犀
9683,快燕并
9684,许买闸
9685,帧厩扔
9686,狱恩酬
9687,寿泛蓄
9688,碍矫际
9689,中苗砍
9690,藤妊纶
9691,砌愧眯
9692,油邦酚
9693,凸宫磷
9694,危封匈
9695,役讲劣
9696,鹃愁脯
9697,颖镇沪
9698,咏军肖
9699,宵稳呵
9700,醛厨品
9701,瞩忱阉
9702,獭簧奉
9703,辞亮皮
9704,便蛰棋
9705,晒挝良
9706,误铜蛆
9707,圈陨营
9708,柯先指
9709,裴裁蜀
9710,躇狄掳
9711,雹余席
9712,汛颁孔
9713,芬习级
9714,缠县恬
9715,蔫侥矾
9716,久龟囱
9717,乒瑞壤
9718,萎酮甚
9719,哇眶绰
9720,悍扣瘩
9721,拾催拼
9722,信茄躯
9723,提磺抨
9724,油喻劣
9725,太蔼繁
9726,磺亥滔
9727,亨寓院
9728,英邻颗
9729,熔嘶丝
9730,韵鞭幅
9731,埠店晨
9732,敌绦头
9733,糊仓铂
9734,糟德悍
9735,玩笼笺
9736,岂载瞒
9737,形巩攒
9738,杂阉沤
9739,怖簧澄
9740,应帕狱
9741,变谩糜
9742,嚷仆毕
9743,讽五袭
9744,漳严锣
9745,禽界绵
9746,许辞瞄
9747,滩制派
9748,冉了镍
9749,稳井音
9750,妈知偿
9751,戒肄州
9752,耗一私
9753,巢饭缄
9754,眺裸涨
9755,棠隶胜
9756,咖球瘫
9757,帆胆吗
9758,浚阐记
9759,堤食粕
9760,勇丁央
9761,炔有聂
9762,疡捅返
9763,郧虱沏
9764,涯泰跺
9765,侥篡涪
9766,娄踞稗
9767,骋跪话
9768,菌铲败
9769,冕绞煞
9770,拈掂呈
9771,父运风
9772,光先弥
9773,抚书摊
9774,谤栽瘦
9775,康迟憾
9776,蹬苔磊
9777,荣锄昂
9778,幼喊尸
9779,侈氯傣
9780,萤边疟
9781,混藏廉
9782,剃拥冰
9783,戏衙骏
9784,谱侧赎
9785,梭净锑
9786,挫岿故
9787,呢娘灭
9788,吃浓舶
9789,弯袍藏
9790,柜爸屯
9791,勃硝盒
9792,烧僧痰
9793,早示歧
9794,荣涣挡
9795,仁道搭
9796,爸屏高
9797,翔返豹
9798,证南医
9799,锅熬寇
9800,壁奉邮
9801,衅弘驯
9802,咀梅宜
9803,直杰柒
9804,猾欧牌
9805,瓣糙柴
9806,亚悦辖
9807,菊刷硝
9808,嘿侄狸
9809,沂韶利
9810,仑荷拟
9811,春惩购
9812,达些蛰
9813,印算钟
9814,斤短秦
9815,掺嗡龙
9816,利万粤
9817,垂在汪
9818,窥攀窟
9819,笺奈室
9820,旱疑啊
9821,其桂忽
9822,桃卵绊
9823,崖卡翠
9824,敢艾诡
9825,舆雷陛
9826,耳饱泪
9827,础高刑
9828,咕肾碧
9829,丝蹋筒
9830,桥折是
9831,篷供渐
9832,晦撤卫
9833,示四眩
9834,支溅牛
9835,徐涪聘
9836,滩艳芍
9837,粟堵厕
9838,寅捕铃
9839,宇葫旨
9840,乙戌卸
9841,新虽讯
9842,雹嚎亦
9843,惩杜烽
9844,裙隙汝
9845,妇析迪
9846,薄碴剁
9847,衅重橇
9848,淡褪怎
9849,远菌厌
9850,峭旭旗
9851,揖盾辕
9852,劝峡谭
9853,睬梯脏
9854,拈揩量
9855,祭蒂序
9856,敲皿相
9857,钳佩床
9858,畔矛狈
9859,邪娇构
9860,峪哟淖
9861,景浓恼
9862,甘蒂障
9863,军店嗣
9864,络徽羔
9865,云胳功
9866,劲疽土
9867,耗持山
9868,凡跋丘
9869,烙顶狂
9870,病贪怠
9871,祟磷置
9872,赶唤迫
9873,炙宇捧
9874,册墨巩
9875,丙梭筹
9876,冒羽茫
9877,北让扇
9878,芽胳粕
9879,奎搏撵
9880,砚骚痕
9881,串捆灵
9882,临刷蝴
9883,硫郊稍
9884,缉蝗骆
9885,团萄藤
9886,容夺托
9887,宽篡呵
9888,于依茫
9889,类冯全
9890,辫思踊
9891,靠奇海
9892,裕叉姬
9893,垢让亥
9894,试敛纹
9895,看呜翁
9896,掸鸵贰
9897,袱扩氨
9898,蚂佃霍
9899,祷妻膀
9900,户吾娩
9901,惟型能
9902,鹏引留
9903,玩烫讽
9904,告堕栋
9905,亮狰含
9906,法垂馏
9907,眨票僧
9908,窃酱瞩
9909,腹纺鸽
9910,朔俏这
9911,吮糠拆
9912,严送昧
9913,港结卷
9914,乡虐型
9915,赴削牵
9916,沽狠梗
9917,耿辐居
9918,袖访裳
9919,嗅搪沙
9920,复岛纬
9921,酵稚标
9922,寂办温
9923,滦壹钨
9924,湛扬肌
9925,僧派詹
9926,枢酬正
9927,郁巩赶
9928,般插掀
9929,聋粮释
9930,龋侗宦
9931,褂假萧
9932,靠讲镀
9933,契璃妄
9934,吾强暴
9935,吨顿蛋
9936,馆钵吸
9937,鉴硷癌
9938,紧轴粗
9939,博祷浑
9940,快惺勤
9941,援敏寂
9942,喧焕巾
9943,驳讫暮
9944,颊癸瞳
9945,雄颗锄
9946,椰愿摘
9947,侥动端
9948,坛鞋榴
9949,颇牌洒
9950,炸笋业
9951,脉元付
9952,枉唬廓
9953,顷讫奴
9954,侈仲仲
9955,惦豹拜
9956,醋嫉贸
9957,妻蒙兵
9958,蛛站端
9959,崇台险
9960,辜缄各
9961,六挫矢
9962,少有于
9963,扳基忽
9964,八堪盯
9965,铺拉叭
9966,藤桶示
9967,丙涛铀
9968,悄郊模
9969,妒陷锰
9970,三埔粪
9971,蜗鞭娥
9972,眯瘦隶
9973,早釉陀
9974,小公宾
9975,鸳闸虫
9976,闰偿景
9977,糠牙扮
9978,仙腊僚
9979,萄券阿
9980,蔚沥身
9981,戎腻殊
9982,渊颤辗
9983,朝锐奖
9984,物冤甩
9985,彪赢禾
9986,蛹竣筏
9987,便粥喀
9988,我撇盐
9989,颁反酗
9990,蔚脖训
9991,幼锈衍
9992,袖猩房
9993,兼鸯还
9994,荷授学
9995,甄初赊
9996,挑鸽彦
9997,灯伺谭
9998,朵摊惭
9999,袒马脂
10000,嚎懂芬
